asinSkuId,skuId,asinId
1,1,1
2,2,2
3,3,3
4,4,4
5,5,5
6,6,6
7,7,7
8,8,8
9,9,9
10,10,10
11,11,11
12,12,12
13,13,13
14,14,14
15,15,15
16,16,16
17,17,17
18,18,18
19,19,19
20,20,20
21,21,21
22,22,22
23,23,23
24,24,24
25,25,25
26,26,26
27,27,27
28,28,28
29,29,29
30,30,30
31,31,31
32,32,32
33,33,33
34,34,34
35,35,35
36,36,36
37,37,37
38,38,38
39,39,39
40,40,40
41,41,41
42,42,42
43,43,43
44,44,44
45,45,45
46,46,46
47,47,47
48,48,48
49,49,49
50,50,50
51,51,51
52,52,52
53,53,53
54,54,54
55,55,55
56,56,56
57,57,57
58,58,58
59,59,59
60,60,60
61,61,61
62,62,62
63,63,63
64,64,64
65,65,65
66,66,66
67,67,67
68,68,68
69,69,69
70,70,70
71,71,71
72,72,72
73,73,73
74,74,74
75,75,75
76,76,76
77,77,77
78,78,78
79,79,79
80,80,80
81,81,81
82,82,82
83,83,83
84,84,84
85,85,85
86,86,86
87,87,87
88,88,88
89,89,89
90,90,90
91,91,91
92,92,92
93,93,93
94,94,94
95,95,95
96,96,96
97,97,97
98,98,98
99,99,99
100,100,100
101,101,101
102,102,102
103,103,103
104,104,104
105,105,105
106,106,106
107,107,107
108,108,108
109,109,109
110,110,110
111,111,111
112,112,112
113,113,113
114,114,114
115,115,115
116,116,116
117,117,117
118,118,118
119,119,119
120,120,120
121,121,121
122,122,122
123,123,123
124,124,124
125,125,125
126,126,126
127,127,127
128,128,128
129,129,129
130,130,130
131,131,131
132,132,132
133,133,133
134,134,134
135,135,135
136,136,136
137,137,137
138,138,138
139,139,139
140,140,56
141,141,140
142,142,141
143,143,142
144,144,133
145,145,143
146,146,144
147,147,145
148,148,146
149,149,147
150,150,148
151,151,149
152,152,150
153,153,151
154,154,152
155,155,153
156,156,154
157,157,155
158,158,156
159,159,157
160,160,158
161,161,159
162,162,160
163,163,161
164,164,162
165,165,112
166,166,163
167,167,164
168,168,165
169,169,166
170,170,167
171,171,168
172,172,169
173,173,170
174,174,171
175,175,172
176,176,173
177,177,174
178,178,33
179,179,175
180,180,176
181,181,177
182,182,178
183,183,179
184,184,180
185,185,181
186,186,182
187,187,183
188,188,184
189,189,185
190,190,186
191,191,187
192,192,188
193,193,189
194,194,190
195,195,191
196,196,11
197,197,192
198,198,193
199,199,194
200,200,195
201,201,196
202,202,197
203,203,198
204,204,199
205,205,200
206,206,201
207,207,133
208,208,202
209,209,203
210,210,204
211,211,58
212,212,205
213,213,206
214,214,207
215,215,208
216,216,87
217,217,209
218,218,210
219,219,211
220,220,212
221,221,213
222,222,214
223,223,215
224,224,216
225,225,217
226,226,218
227,227,219
228,228,220
229,229,221
230,230,222
231,231,223
232,232,224
233,233,225
234,234,226
235,235,227
236,236,228
237,237,229
238,238,230
239,239,231
240,240,232
241,241,233
242,242,234
243,243,235
244,244,236
245,245,237
246,246,238
247,247,239
248,248,240
249,249,241
250,250,242
251,251,243
252,252,244
253,253,245
254,254,235
255,255,246
256,256,247
257,257,248
258,258,249
259,259,89
260,260,250
261,261,251
262,262,252
263,263,253
264,264,254
265,265,255
266,266,256
267,267,257
268,268,258
269,269,259
270,270,260
271,271,261
272,272,255
273,273,262
274,274,263
275,275,264
276,276,254
277,277,265
278,278,266
279,279,267
280,280,268
281,281,269
282,282,248
283,283,270
284,284,271
285,285,235
286,286,272
287,287,273
288,288,274
289,289,275
290,290,276
291,291,277
292,292,278
293,293,279
294,294,280
295,295,281
296,296,282
297,297,283
298,298,284
299,299,285
300,300,286
301,301,287
302,302,288
303,303,289
304,304,290
305,305,291
306,306,292
307,307,293
308,308,294
309,309,295
310,310,153
311,311,296
312,312,295
313,313,297
314,314,298
315,315,299
316,316,300
317,317,301
318,318,302
319,319,303
320,320,304
321,321,305
322,322,306
323,323,307
324,324,308
325,325,309
326,326,310
327,327,311
328,328,312
329,329,282
330,330,313
331,331,314
332,332,315
333,333,316
334,334,317
335,335,318
336,336,319
337,337,320
338,338,321
339,339,322
340,340,323
341,341,324
342,342,325
343,343,326
344,344,327
345,345,328
346,346,329
347,347,330
348,348,331
349,349,332
350,350,333
351,351,334
352,352,335
353,353,336
354,354,337
355,355,269
356,356,338
357,357,248
358,358,339
359,359,262
360,360,340
361,361,341
362,362,342
363,363,252
364,364,343
365,365,344
366,366,345
367,367,346
368,368,295
369,369,347
370,370,302
371,371,348
372,372,301
373,373,349
374,374,350
375,375,351
376,376,352
377,377,353
378,378,354
379,379,267
380,380,264
381,381,355
382,382,356
383,383,357
384,384,358
385,385,359
386,386,360
387,387,361
388,388,362
389,389,363
390,390,364
391,391,365
392,392,366
393,393,367
394,394,368
395,395,366
396,396,204
397,397,171
398,398,33
399,399,369
400,400,370
401,401,371
402,402,372
403,403,373
404,404,188
405,405,374
406,406,375
407,407,376
408,408,377
409,409,368
410,410,378
411,411,379
412,412,380
413,413,381
414,414,364
415,415,382
416,416,383
417,417,384
418,418,179
419,419,385
420,420,386
421,421,387
422,422,388
423,423,389
424,424,390
425,425,391
426,426,392
427,427,393
428,428,394
429,429,395
430,430,396
431,431,397
432,432,398
433,433,188
434,434,399
435,435,400
436,436,401
437,437,402
438,438,403
439,439,404
440,440,405
441,441,406
442,442,407
443,443,408
444,444,409
445,445,410
446,446,411
447,447,365
448,448,367
449,449,412
450,450,413
451,451,414
452,452,415
453,453,416
454,454,376
455,455,373
456,456,417
457,457,418
458,458,419
459,459,420
460,460,421
461,461,422
462,462,423
463,463,424
464,464,425
465,465,426
466,466,427
467,467,428
468,468,429
469,469,430
470,470,431
471,471,432
472,472,433
473,473,434
474,474,435
475,475,436
476,476,437
477,477,438
478,478,439
479,479,440
480,480,441
481,481,442
482,482,443
483,483,444
484,484,445
485,485,446
486,486,447
487,487,448
488,488,449
489,489,450
490,490,451
491,491,452
492,492,453
493,493,454
494,494,455
495,495,456
496,496,457
497,497,458
498,498,459
499,499,460
500,500,461
501,501,462
502,502,463
503,503,464
504,504,465
505,505,466
506,506,467
507,507,468
508,508,469
509,509,470
510,510,471
511,511,472
512,512,473
513,513,474
514,514,475
515,515,476
516,516,477
517,517,478
518,518,479
519,519,480
520,520,481
521,521,482
522,522,483
523,523,484
524,524,485
525,525,486
526,526,487
527,527,488
528,528,489
529,529,490
530,530,491
531,531,492
532,532,493
533,533,494
534,534,495
535,535,496
536,536,497
537,537,498
538,538,499
539,539,500
540,540,501
541,541,502
542,542,503
543,543,504
544,544,505
545,545,506
546,546,507
547,547,508
548,548,509
549,549,510
550,550,511
551,551,512
552,552,513
553,553,514
554,554,515
555,555,516
556,556,517
557,557,518
558,558,519
559,559,520
560,560,521
561,561,522
562,562,523
563,563,524
564,564,525
565,565,526
566,566,527
567,567,528
568,568,529
569,569,530
570,570,531
571,571,532
572,572,533
573,573,534
574,574,535
575,575,536
576,576,537
577,577,538
578,578,539
579,579,540
580,580,541
581,581,542
582,582,543
583,583,544
584,584,545
585,585,546
586,586,547
587,587,548
588,588,549
589,589,550
590,590,551
591,591,552
592,592,553
593,593,554
594,594,555
595,595,556
596,596,557
597,597,558
598,598,559
599,599,560
600,600,561
601,601,562
602,602,563
603,603,564
604,604,565
605,605,566
606,606,567
607,607,568
608,608,569
609,609,570
610,610,571
611,611,572
612,612,573
613,613,574
614,614,575
615,615,576
616,616,577
617,617,578
618,618,579
619,619,580
620,620,581
621,621,582
622,622,583
623,623,584
624,624,585
625,625,586
626,626,587
627,627,588
628,628,589
629,629,590
630,630,591
631,631,592
632,632,593
633,633,594
634,634,595
635,635,596
636,636,597
637,637,598
638,638,599
639,639,600
640,640,601
641,641,602
642,642,603
643,643,604
644,644,605
645,645,606
646,646,607
647,647,608
648,648,609
649,649,610
650,650,611
651,651,612
652,652,613
653,653,614
654,654,615
655,655,616
656,656,617
657,657,618
658,658,619
659,659,620
660,660,621
661,661,622
662,662,623
663,663,624
664,664,625
665,665,626
666,666,627
667,667,628
668,668,629
669,669,630
670,670,631
671,671,632
672,672,633
673,673,634
674,674,635
675,675,636
676,676,637
677,677,638
678,678,639
679,679,640
680,680,641
681,681,642
682,682,643
683,683,644
684,684,645
685,685,646
686,686,647
687,687,648
688,688,649
689,689,650
690,690,651
691,691,652
692,692,653
693,693,654
694,694,655
695,695,656
696,696,657
697,697,658
698,698,659
699,699,660
700,700,661
701,701,662
702,702,663
703,703,664
704,704,665
705,705,666
706,706,667
707,707,668
708,708,669
709,709,670
710,710,671
711,711,672
712,712,673
713,713,674
714,714,675
715,715,676
716,716,677
717,717,678
718,718,679
719,719,680
720,720,681
721,721,682
722,722,683
723,723,684
724,724,685
725,725,686
726,726,687
727,727,688
728,728,689
729,729,690
730,730,691
731,731,692
732,732,693
733,733,694
734,734,695
735,735,696
736,736,697
737,737,698
738,738,699
739,739,700
740,740,701
741,741,702
742,742,703
743,743,704
744,744,705
745,745,706
746,746,707
747,747,708
748,748,709
749,749,710
750,750,711
751,751,712
752,752,713
753,753,714
754,754,715
755,755,716
756,756,717
757,757,718
758,758,719
759,759,720
760,760,721
761,761,722
762,762,723
763,763,724
764,764,725
765,765,726
766,766,727
767,767,728
768,768,729
769,769,730
770,770,731
771,771,732
772,772,733
773,773,734
774,774,735
775,775,736
776,776,737
777,777,738
778,778,739
779,779,740
780,780,741
781,781,742
782,782,743
783,783,744
784,784,745
785,785,746
786,786,747
787,787,748
788,788,749
789,789,750
790,790,751
791,791,752
792,792,753
793,793,754
794,794,755
795,795,756
796,796,757
797,797,758
798,798,759
799,799,760
800,800,761
801,801,762
802,802,763
803,803,764
804,804,765
805,805,766
806,806,767
807,807,768
808,808,769
809,809,770
810,810,771
811,811,772
812,812,773
813,813,774
814,814,775
815,815,776
816,816,777
817,817,778
818,818,779
819,819,780
820,820,781
821,821,782
822,822,783
823,823,784
824,824,785
825,825,786
826,826,787
827,827,788
828,828,789
829,829,790
830,830,791
831,831,792
832,832,793
833,833,794
834,834,795
835,835,796
836,836,797
837,837,798
838,838,799
839,839,800
840,840,801
841,841,802
842,842,803
843,843,804
844,844,805
845,845,806
846,846,807
847,847,808
848,848,809
849,849,810
850,850,811
851,851,812
852,852,813
853,853,814
854,854,815
855,855,816
856,856,817
857,857,818
858,858,819
859,859,820
860,860,821
861,861,822
862,862,823
863,863,824
864,864,825
865,865,826
866,866,827
867,867,828
868,868,829
869,869,830
870,870,831
871,871,832
872,872,833
873,873,834
874,874,835
875,875,836
876,876,837
877,877,838
878,878,839
879,879,840
880,880,841
881,881,842
882,882,843
883,883,844
884,884,845
885,885,846
886,886,847
887,887,848
888,888,849
889,889,850
890,890,851
891,891,852
892,892,853
893,893,854
894,894,855
895,895,856
896,896,857
897,897,858
898,898,859
899,899,860
900,900,861
901,901,862
902,902,863
903,903,864
904,904,865
905,905,866
906,906,424
907,907,867
908,908,434
909,909,862
910,910,679
911,911,663
912,912,568
913,913,700
914,914,868
915,915,869
916,916,870
917,917,871
918,918,872
919,919,873
920,920,874
921,921,875
922,922,876
923,923,877
924,924,706
925,925,648
926,926,840
927,927,769
928,928,830
929,929,657
930,930,878
931,931,843
932,932,654
933,933,802
934,934,682
935,935,740
936,936,747
937,937,879
938,938,459
939,939,805
940,940,880
941,941,167
942,942,881
943,943,882
944,944,883
945,945,884
946,946,885
947,947,886
948,948,887
949,949,458
950,950,888
951,951,889
952,952,890
953,953,891
954,954,892
955,955,893
956,956,894
957,957,895
958,958,896
959,959,897
960,960,898
961,961,899
962,962,900
963,963,901
964,964,902
965,965,903
966,966,904
967,967,905
968,968,906
969,969,907
970,970,908
971,971,909
972,972,910
973,973,911
974,974,912
975,975,638
976,976,913
977,977,914
978,978,915
979,979,916
980,980,613
981,981,917
982,982,918
983,983,919
984,984,920
985,985,921
986,986,922
987,987,923
988,988,924
989,989,747
990,990,580
991,991,532
992,992,459
993,993,925
994,994,926
995,995,927
996,996,928
997,997,929
998,998,930
999,999,931
1000,1000,932
1001,1001,933
1002,1002,934
1003,1003,935
1004,1004,936
1005,1005,937
1006,1006,938
1007,1007,939
1008,1008,940
1009,1009,941
1010,1010,942
1011,1011,943
1012,1012,944
1013,1013,945
1014,1014,946
1015,1015,947
1016,1016,948
1017,1017,949
1018,1018,950
1019,1019,951
1020,1020,952
1021,1021,953
1022,1022,954
1023,1023,955
1024,1024,956
1025,1025,957
1026,1026,958
1027,1027,959
1028,1028,960
1029,1029,961
1030,1030,962
1031,1031,963
1032,1032,964
1033,1033,965
1034,1034,966
1035,1035,967
1036,1036,968
1037,1037,969
1038,1038,970
1039,1039,971
1040,1040,972
1041,1041,51
1042,1042,973
1043,1043,974
1044,1044,975
1045,1045,976
1046,1046,977
1047,1047,978
1048,1048,979
1049,1049,980
1050,1050,981
1051,1051,982
1052,1052,983
1053,1053,984
1054,1054,985
1055,1055,986
1056,1056,987
1057,1057,988
1058,1058,989
1059,1059,990
1060,1060,991
1061,1061,992
1062,1062,993
1063,1063,994
1064,1064,995
1065,1065,996
1066,1066,997
1067,1067,998
1068,1068,999
1069,1069,1000
1070,1070,1001
1071,1071,1002
1072,1072,1003
1073,1073,1004
1074,1074,1005
1075,1075,1006
1076,1076,1007
1077,1077,1008
1078,1078,1009
1079,1079,1010
1080,1080,1011
1081,1081,1012
1082,1082,1013
1083,1083,1014
1084,1084,1015
1085,1085,1016
1086,1086,1017
1087,1087,1018
1088,1088,1019
1089,1089,1020
1090,1090,1021
1091,1091,1022
1092,1092,1023
1093,1093,1024
1094,1094,1025
1095,1095,1026
1096,1096,1027
1097,1097,1028
1098,1098,1029
1099,1099,1030
1100,1100,1031
1101,1101,1032
1102,1102,1033
1103,1103,1034
1104,1104,1035
1105,1105,1036
1106,1106,1037
1107,1107,1038
1108,1108,1039
1109,1109,1040
1110,1110,1041
1111,1111,1042
1112,1112,1043
1113,1113,406
1114,1114,1044
1115,1115,1045
1116,1116,1046
1117,1117,1047
1118,1118,1048
1119,1119,1049
1120,1120,1050
1121,1121,1051
1122,1122,1052
1123,1123,1053
1124,1124,1054
1125,1125,1055
1126,1126,1056
1127,1127,1057
1128,1128,1058
1129,1129,1059
1130,1130,1060
1131,1131,1061
1132,1132,1062
1133,1133,1063
1134,1134,1064
1135,1135,1065
1136,1136,1066
1137,1137,1067
1138,1138,1068
1139,1139,1069
1140,1140,1070
1141,1141,1071
1142,1142,1072
1143,1143,1073
1144,1144,1074
1145,1145,1075
1146,1146,1076
1147,1147,1077
1148,1148,1078
1149,1149,1079
1150,1150,1080
1151,1151,1081
1152,1152,1082
1153,1153,1083
1154,1154,1084
1155,1155,305
1156,1156,1085
1157,1157,1086
1158,1158,1087
1159,1159,1088
1160,1160,1089
1161,1161,1090
1162,1162,1091
1163,1163,1092
1164,1164,361
1165,1165,1093
1166,1166,1094
1167,1167,1095
1168,1168,55
1169,1169,1096
1170,1170,1097
1171,1171,1098
1172,1172,40
1173,1173,1099
1174,1174,1100
1175,1175,1101
1176,1176,1102
1177,1177,1103
1178,1178,1104
1179,1179,1105
1180,1180,1106
1181,1181,1107
1182,1182,1108
1183,1183,1109
1184,1184,1110
1185,1185,1111
1186,1186,1112
1187,1187,1113
1188,1188,1114
1189,1189,1115
1190,1190,1116
1191,1191,1117
1192,1192,1118
1193,1193,1119
1194,1194,1120
1195,1195,1121
1196,1196,1122
1197,1197,1123
1198,1198,190
1199,1199,1124
1200,1200,1125
1201,1201,1126
1202,1202,1127
1203,1203,427
1204,1204,827
1205,1205,133
1206,1206,769
1207,1207,43
1208,1208,866
1209,1209,1128
1210,1210,54
1211,1211,144
1212,1212,40
1213,1213,49
1214,1214,131
1215,1215,1129
1216,1216,87
1217,1217,1130
1218,1218,1131
1219,1219,1132
1220,1220,1133
1221,1221,430
1222,1222,862
1223,1223,1134
1224,1224,1135
1225,1225,1136
1226,1226,1137
1227,1227,1138
1228,1228,1139
1229,1229,1140
1230,1230,1141
1231,1231,1142
1232,1232,1143
1233,1233,1144
1234,1234,434
1235,1235,818
1236,1236,1145
1237,1237,425
1238,1238,863
1239,1239,862
1240,1240,434
1241,1241,1141
1242,1242,1134
1243,1243,858
1244,1244,1140
1245,1245,1131
1246,1246,788
1247,1247,853
1248,1248,508
1249,1249,747
1250,1250,790
1251,1251,621
1252,1252,463
1253,1253,607
1254,1254,631
1255,1255,636
1256,1256,636
1257,1257,631
1258,1258,463
1259,1259,790
1260,1260,508
1261,1261,1146
1262,1262,1147
1263,1263,1148
1264,1264,1149
1265,1265,1150
1266,1266,1151
1267,1267,1152
1268,1268,193
1269,1269,1153
1270,1270,1154
1271,1271,1155
1272,1272,1156
1273,1273,1157
1274,1274,1158
1275,1275,1159
1276,1276,1160
1277,1277,1161
1278,1278,1162
1279,1279,1163
1280,1280,1164
1281,1281,1165
1282,1282,1166
1283,1283,1167
1284,1284,1168
1285,1285,1169
1286,1286,1170
1287,1287,1171
1288,1288,1172
1289,1289,1173
1290,1290,1174
1291,1291,1175
1292,1292,1176
1293,1293,1177
1294,1294,1178
1295,1295,1179
1296,1296,1180
1297,1297,1181
1298,1298,1182
1299,1299,1183
1300,1300,1184
1301,1301,1185
1302,1302,1186
1303,1303,1187
1304,1304,1188
1305,1305,1189
1306,1306,1190
1307,1307,1191
1308,1308,1192
1309,1309,1193
1310,1310,1194
1311,1311,1195
1312,1312,1196
1313,1313,1197
1314,1314,1198
1315,1315,1199
1316,1316,1200
1317,1317,1201
1318,1318,1202
1319,1319,1203
1320,1320,1204
1321,1321,1205
1322,1322,1206
1323,1323,1207
1324,1324,1208
1325,1325,1209
1326,1326,1210
1327,1327,1211
1328,1328,1212
1329,1329,1213
1330,1330,1214
1331,1331,1215
1332,1332,1216
1333,1333,1217
1334,1334,1218
1335,1335,1219
1336,1336,1220
1337,1337,1221
1338,1338,1222
1339,1339,1223
1340,1340,1224
1341,1341,1225
1342,1342,1226
1343,1343,1227
1344,1344,1228
1345,1345,1229
1346,1346,1230
1347,1347,1231
1348,1348,1232
1349,1349,1233
1350,1350,1234
1351,1351,1235
1352,1352,1236
1353,1353,1237
1354,1354,1238
1355,1355,1239
1356,1356,1240
1357,1357,1241
1358,1358,1242
1359,1359,1243
1360,1360,1244
1361,1361,1245
1362,1362,1246
1363,1363,1247
1364,1364,1248
1365,1365,1249
1366,1366,1250
1367,1367,1251
1368,1368,1252
1369,1369,1253
1370,1370,1254
1371,1371,1255
1372,1372,1256
1373,1373,1257
1374,1374,1258
1375,1375,1259
1376,1376,1260
1377,1377,1261
1378,1378,1262
1379,1379,1263
1380,1380,1264
1381,1381,1265
1382,1382,1266
1383,1383,1267
1384,1384,1268
1385,1385,1269
1386,1386,1270
1387,1387,1271
1388,1388,1272
1389,1389,1273
1390,1390,1274
1391,1391,1275
1392,1392,1276
1393,1393,1277
1394,1394,1278
1395,1395,1279
1396,1396,1280
1397,1397,1281
1398,1398,1282
1399,1399,1283
1400,1400,1284
1401,1401,1285
1402,1402,1286
1403,1403,1287
1404,1404,1288
1405,1405,1289
1406,1406,1290
1407,1407,1291
1408,1408,1292
1409,1409,1293
1410,1410,1294
1411,1411,1295
1412,1412,1296
1413,1413,1297
1414,1414,1298
1415,1415,1299
1416,1416,1300
1417,1417,1301
1418,1418,1302
1419,1419,1303
1420,1420,1304
1421,1421,1305
1422,1422,1306
1423,1423,1307
1424,1424,1308
1425,1425,1309
1426,1426,1310
1427,1427,1311
1428,1428,1312
1429,1429,1313
1430,1430,1314
1431,1431,1315
1432,1432,1316
1433,1433,1317
1434,1434,1318
1435,1435,1319
1436,1436,1320
1437,1437,1321
1438,1438,1322
1439,1439,1323
1440,1440,1324
1441,1441,1325
1442,1442,1326
1443,1443,1327
1444,1444,1328
1445,1445,1329
1446,1446,1330
1447,1447,1331
1448,1448,1332
1449,1449,1333
1450,1450,1334
1451,1451,1335
1452,1452,1336
1453,1453,1337
1454,1454,1338
1455,1455,1339
1456,1456,1340
1457,1457,747
1458,1458,580
1459,1459,532
1460,1460,654
1461,1461,740
1462,1462,682
1463,1463,830
1464,1464,706
1465,1465,575
1466,1466,870
1467,1467,887
1468,1468,913
1469,1469,167
1470,1470,1107
1471,1471,1102
1472,1472,1116
1473,1473,1094
1474,1474,406
1475,1475,877
1476,1476,775
1477,1477,895
1478,1478,1026
1479,1479,1027
1480,1480,1110
1481,1481,1075
1482,1482,1031
1483,1483,1179
1484,1484,1331
1485,1485,1200
1486,1486,1274
1487,1487,1219
1488,1488,1240
1489,1489,1278
1490,1490,1341
1491,1491,1026
1492,1492,1330
1493,1493,1204
1494,1494,1206
1495,1495,1317
1496,1496,1145
1497,1497,863
1498,1498,434
1499,1499,430
1500,1500,856
1501,1501,861
1502,1502,427
1503,1503,1342
1504,1504,1343
1505,1505,1344
1506,1506,1345
1507,1507,1346
1508,1508,1347
1509,1509,1348
1510,1510,1349
1511,1511,1350
1512,1512,1351
1513,1513,1352
1514,1514,1353
1515,1515,747
1516,1516,580
1517,1517,536
1518,1518,532
1519,1519,459
1520,1520,654
1521,1521,740
1522,1522,830
1523,1523,706
1524,1524,575
1525,1525,870
1526,1526,887
1527,1527,913
1528,1528,443
1529,1529,886
1530,1530,167
1531,1531,1107
1532,1532,1102
1533,1533,1116
1534,1534,406
1535,1535,798
1536,1536,877
1537,1537,775
1538,1538,895
1539,1539,1027
1540,1540,1110
1541,1541,1075
1542,1542,1031
1543,1543,1016
1544,1544,1113
1545,1545,1060
1546,1546,1092
1547,1547,908
1548,1548,1086
1549,1549,1039
1550,1550,459
1551,1551,827
1552,1552,670
1553,1553,1261
1554,1554,142
1555,1555,1354
1556,1556,636
1557,1557,1330
1558,1558,662
1559,1559,607
1560,1560,964
1561,1561,1109
1562,1562,516
1563,1563,1355
1564,1564,1356
1565,1565,1357
1566,1566,1358
1567,1567,1359
1568,1568,1360
1569,1569,1361
1570,1570,1362
1571,1571,1363
1572,1572,1364
1573,1573,1365
1574,1574,1366
1575,1575,1367
1576,1576,1368
1577,1577,1369
1578,1578,1370
1579,1579,1371
1580,1580,1372
1581,1581,1373
1582,1582,1374
1583,1583,1375
1584,1584,1376
1585,1585,1377
1586,1586,1378
1587,1587,1379
1588,1588,1380
1589,1589,1381
1590,1590,1382
1591,1591,1383
1592,1592,1384
1593,1593,1385
1594,1594,1386
1595,1595,1387
1596,1596,1388
1597,1597,1389
1598,1598,1390
1599,1599,1391
1600,1600,1392
1601,1601,777
1602,1602,1393
1603,1603,1394
1604,1604,1395
1605,1605,1396
1606,1606,1397
1607,1607,1398
1608,1608,1399
1609,1609,1400
1610,1610,1401
1611,1611,1402
1612,1612,1403
1613,1613,462
1614,1614,1404
1615,1615,554
1616,1616,1405
1617,1617,455
1618,1618,750
1619,1619,1406
1620,1620,1407
1621,1621,529
1622,1622,1408
1623,1623,1409
1624,1624,544
1625,1625,1410
1626,1626,1411
1627,1627,1412
1628,1628,1413
1629,1629,1414
1630,1630,1415
1631,1631,1416
1632,1632,828
1633,1633,640
1634,1634,1417
1635,1635,1418
1636,1636,1419
1637,1637,1420
1638,1638,1421
1639,1639,456
1640,1640,1422
1641,1641,1423
1642,1642,1424
1643,1643,1425
1644,1644,1426
1645,1645,1427
1646,1646,1428
1647,1647,1429
1648,1648,1430
1649,1649,1431
1650,1650,1432
1651,1651,1433
1652,1652,1434
1653,1653,1435
1654,1654,1436
1655,1655,1437
1656,1656,1438
1657,1657,1439
1658,1658,757
1659,1659,1440
1660,1660,1441
1661,1661,1442
1662,1662,1443
1663,1663,1444
1664,1664,1445
1665,1665,1446
1666,1666,1447
1667,1667,1448
1668,1668,1449
1669,1669,1450
1670,1670,1451
1671,1671,1452
1672,1672,1453
1673,1673,1454
1674,1674,1455
1675,1675,1456
1676,1676,1457
1677,1677,1458
1678,1678,1459
1679,1679,1460
1680,1680,1461
1681,1681,1462
1682,1682,1463
1683,1683,1464
1684,1684,1465
1685,1685,540
1686,1686,1104
1687,1687,1466
1688,1688,1467
1689,1689,1187
1690,1690,1468
1691,1691,1469
1692,1692,1470
1693,1693,1471
1694,1694,1472
1695,1695,1473
1696,1696,1474
1697,1697,1184
1698,1698,1475
1699,1699,1476
1700,1700,1477
1701,1701,1478
1702,1702,1479
1703,1703,1228
1704,1704,1480
1705,1705,1226
1706,1706,1481
1707,1707,1087
1708,1708,1482
1709,1709,1483
1710,1710,1153
1711,1711,1120
1712,1712,1484
1713,1713,1485
1714,1714,1486
1715,1715,1487
1716,1716,1488
1717,1717,1059
1718,1718,1489
1719,1719,1298
1720,1720,1490
1721,1721,1491
1722,1722,1492
1723,1723,1493
1724,1724,1085
1725,1725,1494
1726,1726,1495
1727,1727,1496
1728,1728,1234
1729,1729,1229
1730,1730,1230
1731,1731,1233
1732,1732,1098
1733,1733,1101
1734,1734,1497
1735,1735,1299
1736,1736,1498
1737,1737,759
1738,1738,732
1739,1739,557
1740,1740,1081
1741,1741,1499
1742,1742,1057
1743,1743,520
1744,1744,1224
1745,1745,647
1746,1746,1500
1747,1747,740
1748,1748,502
1749,1749,1208
1750,1750,919
1751,1751,920
1752,1752,1501
1753,1753,1220
1754,1754,985
1755,1755,677
1756,1756,811
1757,1757,746
1758,1758,1502
1759,1759,634
1760,1760,1503
1761,1761,1504
1762,1762,1505
1763,1763,916
1764,1764,1506
1765,1765,1507
1766,1766,1236
1767,1767,1069
1768,1768,840
1769,1769,1508
1770,1770,1509
1771,1771,1510
1772,1772,1511
1773,1773,1512
1774,1774,1513
1775,1775,1514
1776,1776,1515
1777,1777,1516
1778,1778,1517
1779,1779,1518
1780,1780,1519
1781,1781,1520
1782,1782,1521
1783,1783,1522
1784,1784,1523
1785,1785,1524
1786,1786,1525
1787,1787,1526
1788,1788,1527
1789,1789,1528
1790,1790,305
1791,1791,1529
1792,1792,1530
1793,1793,1531
1794,1794,1532
1795,1795,1533
1796,1796,1534
1797,1797,1535
1798,1798,1536
1799,1799,1537
1800,1800,1538
1801,1801,1539
1802,1802,1540
1803,1803,1541
1804,1804,1542
1805,1805,1543
1806,1806,1544
1807,1807,1545
1808,1808,1189
1809,1809,1546
1810,1810,1547
1811,1811,1548
1812,1812,1549
1813,1813,1550
1814,1814,1551
1815,1815,1552
1816,1816,1553
1817,1817,1554
1818,1818,1555
1819,1819,1556
1820,1820,1557
1821,1821,1558
1822,1822,1559
1823,1823,1560
1824,1824,1561
1825,1825,1562
1826,1826,1563
1827,1827,1564
1828,1828,1565
1829,1829,1566
1830,1830,1567
1831,1831,1568
1832,1832,1569
1833,1833,1570
1834,1834,1571
1835,1835,1572
1836,1836,1573
1837,1837,1574
1838,1838,1575
1839,1839,1576
1840,1840,1577
1841,1841,1578
1842,1842,1579
1843,1843,1580
1844,1844,1581
1845,1845,1582
1846,1846,1583
1847,1847,1584
1848,1848,1585
1849,1849,1586
1850,1850,1587
1851,1851,1588
1852,1852,1589
1853,1853,1590
1854,1854,1591
1855,1855,1592
1856,1856,1593
1857,1857,1594
1858,1858,1595
1859,1859,922
1860,1860,1596
1861,1861,1597
1862,1862,1598
1863,1863,1599
1864,1864,1600
1865,1865,1601
1866,1866,1602
1867,1867,1603
1868,1868,1604
1869,1869,1605
1870,1870,1606
1871,1871,1607
1872,1872,1608
1873,1873,1609
1874,1874,1610
1875,1875,1611
1876,1876,1612
1877,1877,1613
1878,1878,1614
1879,1879,1615
1880,1880,736
1881,1881,1616
1882,1882,1617
1883,1883,1618
1884,1884,1619
1885,1885,1620
1886,1886,1621
1887,1887,1622
1888,1888,1623
1889,1889,1624
1890,1890,1625
1891,1891,1626
1892,1892,1627
1893,1893,1628
1894,1894,1629
1895,1895,1630
1896,1896,1631
1897,1897,1632
1898,1898,1193
1899,1899,1633
1900,1900,1634
1901,1901,1635
1902,1902,1636
1903,1903,1637
1904,1904,1638
1905,1905,1639
1906,1906,1640
1907,1907,1641
1908,1908,1642
1909,1909,1643
1910,1910,1644
1911,1911,1645
1912,1912,1646
1913,1913,1647
1914,1914,1648
1915,1915,1649
1916,1916,1650
1917,1917,1651
1918,1918,1652
1919,1919,1653
1920,1920,1654
1921,1921,1655
1922,1922,1656
1923,1923,1657
1924,1924,1658
1925,1925,1659
1926,1926,1660
1927,1927,1661
1928,1928,1662
1929,1929,1663
1930,1930,1664
1931,1931,1192
1932,1932,1665
1933,1933,1018
1934,1934,1037
1935,1935,1096
1936,1936,735
1937,1937,921
1938,1938,1666
1939,1939,815
1940,1940,753
1941,1941,1667
1942,1942,1052
1943,1943,532
1944,1944,1668
1945,1945,1669
1946,1946,1670
1947,1947,1671
1948,1948,1672
1949,1949,1673
1950,1950,1674
1951,1951,613
1952,1952,1191
1953,1953,1088
1954,1954,1675
1955,1955,1676
1956,1956,1677
1957,1957,1678
1958,1958,1070
1959,1959,991
1960,1960,1679
1961,1961,1680
1962,1962,1681
1963,1963,1682
1964,1964,1683
1965,1965,1684
1966,1966,1685
1967,1967,1686
1968,1968,1687
1969,1969,1688
1970,1970,1689
1971,1971,1690
1972,1972,1691
1973,1973,1692
1974,1974,1693
1975,1975,1694
1976,1976,1695
1977,1977,1696
1978,1978,1697
1979,1979,1698
1980,1980,1699
1981,1981,1700
1982,1982,1701
1983,1983,1702
1984,1984,1703
1985,1985,1704
1986,1986,1705
1987,1987,1334
1988,1988,1706
1989,1989,1707
1990,1990,1708
1991,1991,1709
1992,1992,1710
1993,1993,1711
1994,1994,992
1995,1995,1712
1996,1996,1713
1997,1997,1714
1998,1998,1715
1999,1999,927
2000,2000,1716
2001,2001,1717
2002,2002,603
2003,2003,1718
2004,2004,1719
2005,2005,1720
2006,2006,1721
2007,2007,1722
2008,2008,1723
2009,2009,1724
2010,2010,1725
2011,2011,638
2012,2012,1726
2013,2013,510
2014,2014,1225
2015,2015,1727
2016,2016,1728
2017,2017,1729
2018,2018,1730
2019,2019,1433
2020,2020,1361
2021,2021,1361
2022,2022,1456
2023,2023,1658
2024,2024,1731
2025,2025,1732
2026,2026,1733
2027,2027,1734
2028,2028,1735
2029,2029,1736
2030,2030,1737
2031,2031,1738
2032,2032,1739
2033,2033,1740
2034,2034,1741
2035,2035,1742
2036,2036,1743
2037,2037,1744
2038,2038,1745
2039,2039,1746
2040,2040,1747
2041,2041,1748
2042,2042,1749
2043,2043,1750
2044,2044,1751
2045,2045,1752
2046,2046,1753
2047,2047,1754
2048,2048,1755
2049,2049,1756
2050,2050,1757
2051,2051,1758
2052,2052,1759
2053,2053,1760
2054,2054,1761
2055,2055,1762
2056,2056,1763
2057,2057,1764
2058,2058,1765
2059,2059,1766
2060,2060,1767
2061,2061,1768
2062,2062,1769
2063,2063,1770
2064,2064,1771
2065,2065,1772
2066,2066,1773
2067,2067,1774
2068,2068,1775
2069,2069,1776
2070,2070,1777
2071,2071,1778
2072,2072,1779
2073,2073,1780
2074,2074,1781
2075,2075,1782
2076,2076,1783
2077,2077,1784
2078,2078,1110
2079,2079,669
2080,2080,1224
2081,2081,1225
2082,2082,1226
2083,2083,915
2084,2084,921
2085,2085,1193
2086,2086,490
2087,2087,524
2088,2088,662
2089,2089,670
2090,2090,727
2091,2091,1039
2092,2092,730
2093,2093,1236
2094,2094,1228
2095,2095,1185
2096,2096,1187
2097,2097,1186
2098,2098,1018
2099,2099,1220
2100,2100,1197
2101,2101,1198
2102,2102,690
2103,2103,801
2104,2104,1260
2105,2105,1274
2106,2106,1257
2107,2107,663
2108,2108,398
2109,2109,1285
2110,2110,706
2111,2111,1173
2112,2112,775
2113,2113,477
2114,2114,579
2115,2115,443
2116,2116,895
2117,2117,893
2118,2118,1308
2119,2119,1311
2120,2120,1312
2121,2121,1309
2122,2122,1183
2123,2123,908
2124,2124,1180
2125,2125,444
2126,2126,1785
2127,2127,1786
2128,2128,1787
2129,2129,1788
2130,2130,1789
2131,2131,1790
2132,2132,1791
2133,2133,1792
2134,2134,1793
2135,2135,1794
2136,2136,1795
2137,2137,1796
2138,2138,1797
2139,2139,1798
2140,2140,1799
2141,2141,1800
2142,2142,1801
2143,2143,1802
2144,2144,1803
2145,2145,1804
2146,2146,1805
2147,2147,1806
2148,2148,1807
2149,2149,1808
2150,2150,1809
2151,2151,1810
2152,2152,1811
2153,2153,1812
2154,2154,1813
2155,2155,1814
2156,2156,1815
2157,2157,1816
2158,2158,1817
2159,2159,1818
2160,2160,1819
2161,2161,1820
2162,2162,1821
2163,2163,1822
2164,2164,1823
2165,2165,1824
2166,2166,1825
2167,2167,1826
2168,2168,1827
2169,2169,1828
2170,2170,1829
2171,2171,1830
2172,2172,1831
2173,2173,1832
2174,2174,1833
2175,2175,1834
2176,2176,1835
2177,2177,1836
2178,2178,1837
2179,2179,1838
2180,2180,1839
2181,2181,1840
2182,2182,1841
2183,2183,1842
2184,2184,1843
2185,2185,1844
2186,2186,1845
2187,2187,1846
2188,2188,1847
2189,2189,1848
2190,2190,1849
2191,2191,1850
2192,2192,1851
2193,2193,1852
2194,2194,1853
2195,2195,1854
2196,2196,1855
2197,2197,1856
2198,2198,1857
2199,2199,1858
2200,2200,1859
2201,2201,1860
2202,2202,1861
2203,2203,1862
2204,2204,1863
2205,2205,1864
2206,2206,1865
2207,2207,1866
2208,2208,1867
2209,2209,1868
2210,2210,1869
2211,2211,1870
2212,2212,1871
2213,2213,1872
2214,2214,1873
2215,2215,1874
2216,2216,1875
2217,2217,1876
2218,2218,1877
2219,2219,1878
2220,2220,1879
2221,2221,1880
2222,2222,1881
2223,2223,1882
2224,2224,1883
2225,2225,1884
2226,2226,1885
2227,2227,1886
2228,2228,1887
2229,2229,1888
2230,2230,1889
2231,2231,1890
2232,2232,1891
2233,2233,1892
2234,2234,1893
2235,2235,1894
2236,2236,1895
2237,2237,1896
2238,2238,1897
2239,2239,1898
2240,2240,434
2241,2241,1899
2242,2242,867
2243,2243,862
2244,2244,409
2245,2245,432
2246,2246,1900
2247,2247,863
2248,2248,1901
2249,2249,1902
2250,2250,1553
2251,2251,1641
2252,2252,1691
2253,2253,1661
2254,2254,1593
2255,2255,1584
2256,2256,1547
2257,2257,1669
2258,2258,1442
2259,2259,1224
2260,2260,1225
2261,2261,1497
2262,2262,502
2263,2263,1666
2264,2264,490
2265,2265,1016
2266,2266,727
2267,2267,1039
2268,2268,634
2269,2269,1477
2270,2270,1414
2271,2271,1415
2272,2272,1486
2273,2273,184
2274,2274,1236
2275,2275,1232
2276,2276,1482
2277,2277,1187
2278,2278,1688
2279,2279,1222
2280,2280,1248
2281,2281,1277
2282,2282,249
2283,2283,89
2284,2284,839
2285,2285,798
2286,2286,579
2287,2287,895
2288,2288,1308
2289,2289,1311
2290,2290,1183
2291,2291,180
2292,2292,1338
2293,2293,468
2294,2294,1903
2295,2295,1904
2296,2296,1905
2297,2297,1906
2298,2298,1907
2299,2299,1908
2300,2300,1909
2301,2301,1910
2302,2302,1911
2303,2303,1912
2304,2304,1913
2305,2305,1914
2306,2306,1915
2307,2307,1916
2308,2308,1917
2309,2309,1918
2310,2310,1919
2311,2311,1920
2312,2312,1921
2313,2313,1922
2314,2314,1923
2315,2315,1924
2316,2316,1925
2317,2317,1926
2318,2318,1927
2319,2319,1928
2320,2320,1929
2321,2321,1930
2322,2322,1931
2323,2323,1932
2324,2324,1933
2325,2325,1934
2326,2326,1935
2327,2327,1936
2328,2328,1937
2329,2329,1938
2330,2330,1939
2331,2331,1940
2332,2332,1941
2333,2333,1942
2334,2334,1943
2335,2335,1944
2336,2336,1945
2337,2337,1946
2338,2338,1947
2339,2339,1948
2340,2340,1949
2341,2341,1950
2342,2342,1951
2343,2343,1952
2344,2344,1953
2345,2345,1954
2346,2346,1955
2347,2347,1956
2348,2348,1957
2349,2349,1958
2350,2350,1959
2351,2351,1960
2352,2352,1961
2353,2353,1962
2354,2354,1963
2355,2355,1964
2356,2356,1965
2357,2357,1966
2358,2358,1967
2359,2359,1968
2360,2360,1969
2361,2361,1970
2362,2362,1971
2363,2363,1972
2364,2364,1973
2365,2365,1974
2366,2366,1975
2367,2367,1976
2368,2368,1977
2369,2369,1978
2370,2370,1979
2371,2371,1980
2372,2372,1981
2373,2373,1982
2374,2374,1983
2375,2375,1984
2376,2376,1985
2377,2377,1986
2378,2378,1987
2379,2379,1988
2380,2380,1989
2381,2381,1990
2382,2382,1991
2383,2383,1992
2384,2384,1993
2385,2385,1994
2386,2386,1995
2387,2387,1996
2388,2388,1997
2389,2389,1998
2390,2390,1999
2391,2391,2000
2392,2392,2001
2393,2393,2002
2394,2394,2003
2395,2395,2004
2396,2396,2005
2397,2397,2006
2398,2398,2007
2399,2399,2008
2400,2400,2009
2401,2401,2010
2402,2402,2011
2403,2403,2012
2404,2404,2013
2405,2405,2014
2406,2406,2015
2407,2407,2016
2408,2408,2017
2409,2409,2018
2410,2410,2019
2411,2411,2020
2412,2412,2021
2413,2413,2022
2414,2414,2023
2415,2415,2024
2416,2416,2025
2417,2417,2026
2418,2418,2027
2419,2419,2028
2420,2420,2029
2421,2421,2030
2422,2422,2031
2423,2423,2032
2424,2424,2033
2425,2425,2034
2426,2426,2035
2427,2427,2036
2428,2428,2037
2429,2429,2038
2430,2430,2039
2431,2431,2040
2432,2432,2041
2433,2433,2042
2434,2434,2043
2435,2435,2044
2436,2436,2045
2437,2437,2046
2438,2438,2047
2439,2439,2048
2440,2440,2049
2441,2441,2050
2442,2442,2051
2443,2443,2052
2444,2444,2053
2445,2445,2054
2446,2446,2055
2447,2447,2056
2448,2448,2057
2449,2449,2058
2450,2450,2059
2451,2451,2060
2452,2452,2061
2453,2453,2062
2454,2454,2063
2455,2455,2064
2456,2456,2065
2457,2457,2066
2458,2458,2067
2459,2459,2068
2460,2460,2069
2461,2461,2070
2462,2462,2071
2463,2463,2072
2464,2464,2073
2465,2465,2074
2466,2466,2075
2467,2467,2076
2468,2468,2077
2469,2469,2078
2470,2470,2079
2471,2471,2080
2472,2472,2081
2473,2473,2082
2474,2474,2083
2475,2475,2084
2476,2476,2085
2477,2477,2086
2478,2478,2087
2479,2479,2088
2480,2480,2089
2481,2481,2090
2482,2482,2091
2483,2483,2092
2484,2484,2093
2485,2485,2094
2486,2486,2095
2487,2487,2096
2488,2488,2097
2489,2489,2098
2490,2490,2099
2491,2491,2100
2492,2492,2101
2493,2493,2102
2494,2494,2103
2495,2495,2104
2496,2496,2105
2497,2497,2106
2498,2498,2107
2499,2499,2108
2500,2500,2109
2501,2501,2110
2502,2502,2111
2503,2503,2112
2504,2504,2113
2505,2505,2114
2506,2506,2115
2507,2507,2116
2508,2508,2117
2509,2509,2118
2510,2510,2119
2511,2511,2120
2512,2512,2121
2513,2513,2122
2514,2514,2123
2515,2515,2124
2516,2516,2125
2517,2517,2126
2518,2518,2127
2519,2519,2128
2520,2520,2129
2521,2521,2130
2522,2522,2131
2523,2523,2132
2524,2524,2133
2525,2525,2134
2526,2526,2135
2527,2527,2136
2528,2528,2137
2529,2529,2138
2530,2530,2139
2531,2531,2140
2532,2532,2141
2533,2533,2142
2534,2534,2143
2535,2535,2144
2536,2536,2145
2537,2537,2146
2538,2538,2147
2539,2539,2148
2540,2540,2149
2541,2541,2150
2542,2542,2151
2543,2543,2152
2544,2544,2153
2545,2545,2154
2546,2546,2155
2547,2547,2156
2548,2548,2157
2549,2549,2158
2550,2550,2159
2551,2551,2160
2552,2552,2161
2553,2553,2162
2554,2554,2163
2555,2555,2164
2556,2556,2165
2557,2557,2166
2558,2558,2167
2559,2559,2168
2560,2560,2169
2561,2561,2170
2562,2562,2171
2563,2563,2172
2564,2564,2173
2565,2565,2174
2566,2566,2175
2567,2567,2176
2568,2568,2177
2569,2569,2178
2570,2570,2179
2571,2571,2180
2572,2572,2181
2573,2573,2182
2574,2574,2183
2575,2575,2184
2576,2576,2185
2577,2577,2186
2578,2578,2187
2579,2579,2188
2580,2580,2189
2581,2581,2190
2582,2582,2191
2583,2583,2192
2584,2584,2193
2585,2585,2194
2586,2586,2195
2587,2587,2196
2588,2588,2197
2589,2589,2198
2590,2590,2199
2591,2591,2200
2592,2592,2201
2593,2593,2202
2594,2594,2203
2595,2595,2204
2596,2596,2205
2597,2597,2206
2598,2598,2207
2599,2599,2208
2600,2600,2209
2601,2601,2210
2602,2602,2211
2603,2603,2212
2604,2604,2213
2605,2605,2214
2606,2606,2215
2607,2607,2216
2608,2608,2217
2609,2609,2218
2610,2610,2219
2611,2611,2220
2612,2612,2221
2613,2613,2222
2614,2614,2223
2615,2615,2224
2616,2616,2225
2617,2617,2226
2618,2618,2227
2619,2619,2228
2620,2620,2229
2621,2621,2230
2622,2622,2231
2623,2623,2232
2624,2624,2233
2625,2625,2234
2626,2626,2235
2627,2627,2236
2628,2628,2237
2629,2629,2238
2630,2630,2239
2631,2631,2240
2632,2632,2241
2633,2633,2242
2634,2634,2243
2635,2635,830
2636,2636,2244
2637,2637,2245
2638,2638,1313
2639,2639,920
2640,2640,1563
2641,2641,502
2642,2642,1573
2643,2643,1549
2644,2644,1580
2645,2645,1729
2646,2646,818
2647,2647,654
2648,2648,1612
2649,2649,1604
2650,2650,1331
2651,2651,542
2652,2652,190
2653,2653,1272
2654,2654,841
2655,2655,2002
2656,2656,1897
2657,2657,1898
2658,2658,2246
2659,2659,1902
2660,2660,2243
2661,2661,2247
2662,2662,1897
2663,2663,1898
2664,2664,1641
2665,2665,1791
2666,2666,1797
2667,2667,1800
2668,2668,1575
2669,2669,1802
2670,2670,1451
2671,2671,1442
2672,2672,1376
2673,2673,1473
2674,2674,669
2675,2675,1391
2676,2676,915
2677,2677,1814
2678,2678,490
2679,2679,813
2680,2680,558
2681,2681,524
2682,2682,305
2683,2683,1699
2684,2684,1872
2685,2685,1417
2686,2686,1415
2687,2687,1877
2688,2688,1498
2689,2689,1489
2690,2690,1404
2691,2691,1184
2692,2692,1880
2693,2693,1298
2694,2694,570
2695,2695,1886
2696,2696,521
2697,2697,1198
2698,2698,1182
2699,2699,610
2700,2700,690
2701,2701,1351
2702,2702,1285
2703,2703,1289
2704,2704,1337
2705,2705,876
2706,2706,893
2707,2707,1310
2708,2708,1312
2709,2709,1125
2710,2710,908
2711,2711,924
2712,2712,2248
2713,2713,2249
2714,2714,2250
2715,2715,2251
2716,2716,2252
2717,2717,2253
2718,2718,2254
2719,2719,2255
2720,2720,2256
2721,2721,2257
2722,2722,2258
2723,2723,2259
2724,2724,2260
2725,2725,2261
2726,2726,2262
2727,2727,2263
2728,2728,2264
2729,2729,2265
2730,2730,2266
2731,2731,2267
2732,2732,2268
2733,2733,2269
2734,2734,2270
2735,2735,2271
2736,2736,2272
2737,2737,2273
2738,2738,2274
2739,2739,2275
2740,2740,2276
2741,2741,2277
2742,2742,2278
2743,2743,2279
2744,2744,2280
2745,2745,2281
2746,2746,2282
2747,2747,2252
2748,2748,2250
2749,2749,1417
2750,2750,908
2751,2751,1649
2752,2752,1791
2753,2753,1691
2754,2754,1661
2755,2755,1584
2756,2756,1802
2757,2757,1574
2758,2758,1534
2759,2759,1669
2760,2760,1451
2761,2761,1442
2762,2762,1376
2763,2763,1473
2764,2764,669
2765,2765,1391
2766,2766,1224
2767,2767,1225
2768,2768,915
2769,2769,1814
2770,2770,1497
2771,2771,1670
2772,2772,1921
2773,2773,1700
2774,2774,1931
2775,2775,1939
2776,2776,490
2777,2777,1823
2778,2778,558
2779,2779,1845
2780,2780,524
2781,2781,727
2782,2782,1039
2783,2783,305
2784,2784,1872
2785,2785,1877
2786,2786,1498
2787,2787,1489
2788,2788,1486
2789,2789,1236
2790,2790,1482
2791,2791,1187
2792,2792,1404
2793,2793,1879
2794,2794,1880
2795,2795,190
2796,2796,1298
2797,2797,1961
2798,2798,1886
2799,2799,521
2800,2800,1779
2801,2801,1182
2802,2802,1783
2803,2803,610
2804,2804,1984
2805,2805,1989
2806,2806,1991
2807,2807,1992
2808,2808,1995
2809,2809,2007
2810,2810,2014
2811,2811,2015
2812,2812,690
2813,2813,2028
2814,2814,2040
2815,2815,2059
2816,2816,1351
2817,2817,2084
2818,2818,2086
2819,2819,2097
2820,2820,2099
2821,2821,2112
2822,2822,2123
2823,2823,2126
2824,2824,2129
2825,2825,2135
2826,2826,1285
2827,2827,2164
2828,2828,2171
2829,2829,1289
2830,2830,1337
2831,2831,2214
2832,2832,2217
2833,2833,2223
2834,2834,2224
2835,2835,876
2836,2836,579
2837,2837,895
2838,2838,893
2839,2839,1311
2840,2840,1312
2841,2841,1183
2842,2842,1338
2843,2843,908
2844,2844,50
2845,2845,51
2846,2846,2283
2847,2847,179
2848,2848,386
2849,2849,2284
2850,2850,411
2851,2851,55
2852,2852,44
2853,2853,893
2854,2854,2285
2855,2855,2286
2856,2856,2287
2857,2857,2288
2858,2858,2289
2859,2859,2290
2860,2860,2291
2861,2861,2292
2862,2862,1898
2863,2863,2293
2864,2864,2294
2865,2865,2295
2866,2866,1897
2867,2867,2296
2868,2868,2297
2869,2869,2298
2870,2870,2299
2871,2871,2300
2872,2872,2301
2873,2873,2302
2874,2874,2303
2875,2875,2304
2876,2876,2305
2877,2877,2306
2878,2878,2307
2879,2879,2308
2880,2880,2309
2881,2881,2310
2882,2882,2311
2883,2883,2312
2884,2884,2313
2885,2885,2314
2886,2886,2315
2887,2887,2316
2888,2888,2317
2889,2889,2318
2890,2890,2319
2891,2891,2320
2892,2892,2321
2893,2893,2322
2894,2894,2323
2895,2895,2324
2896,2896,2325
2897,2897,2326
2898,2898,2327
2899,2899,2328
2900,2900,2329
2901,2901,2330
2902,2902,2331
2903,2903,2332
2904,2904,2333
2905,2905,2334
2906,2906,2335
2907,2907,2336
2908,2908,2337
2909,2909,2338
2910,2910,2339
2911,2911,2340
2912,2912,2341
2913,2913,2342
2914,2914,2343
2915,2915,2344
2916,2916,2345
2917,2917,2346
2918,2918,2347
2919,2919,2348
2920,2920,2349
2921,2921,2350
2922,2922,2351
2923,2923,2352
2924,2924,2353
2925,2925,2354
2926,2926,2355
2927,2927,2356
2928,2928,2357
2929,2929,2358
2930,2930,2359
2931,2931,2360
2932,2932,2361
2933,2933,2362
2934,2934,2363
2935,2935,2364
2936,2936,2365
2937,2937,2366
2938,2938,2367
2939,2939,2368
2940,2940,2369
2941,2941,2370
2942,2942,2371
2943,2943,2372
2944,2944,2373
2945,2945,2374
2946,2946,2375
2947,2947,2376
2948,2948,2377
2949,2949,2378
2950,2950,2379
2951,2951,2380
2952,2952,2381
2953,2953,2382
2954,2954,2383
2955,2955,2384
2956,2956,2385
2957,2957,2386
2958,2958,2387
2959,2959,2388
2960,2960,2389
2961,2961,2390
2962,2962,2391
2963,2963,2392
2964,2964,2393
2965,2965,2394
2966,2966,2395
2967,2967,2396
2968,2968,2397
2969,2969,2398
2970,2970,2399
2971,2971,2400
2972,2972,2401
2973,2973,2402
2974,2974,2403
2975,2975,2404
2976,2976,2405
2977,2977,2406
2978,2978,2407
2979,2979,2408
2980,2980,2409
2981,2981,2410
2982,2982,2411
2983,2983,2412
2984,2984,2413
2985,2985,2414
2986,2986,2415
2987,2987,2416
2988,2988,2417
2989,2989,2418
2990,2990,2419
2991,2991,2420
2992,2992,2421
2993,2993,2388
2994,2994,2286
2995,2995,2287
2996,2996,2290
2997,2997,2292
2998,2998,1898
2999,2999,2294
3000,3000,2295
3001,3001,2422
3002,3002,1897
3003,3003,2423
3004,3004,2214
3005,3005,1641
3006,3006,2424
3007,3007,1477
3008,3008,2101
3009,3009,1180
3010,3010,747
3011,3011,1108
3012,3012,2425
3013,3013,1705
3014,3014,2426
3015,3015,2427
3016,3016,2050
3017,3017,2428
3018,3018,2112
3019,3019,2429
3020,3020,1104
3021,3021,2430
3022,3022,2001
3023,3023,2431
3024,3024,2183
3025,3025,1886
3026,3026,1872
3027,3027,2432
3028,3028,2433
3029,3029,2175
3030,3030,2434
3031,3031,2212
3032,3032,2435
3033,3033,2436
3034,3034,1096
3035,3035,1482
3036,3036,2012
3037,3037,1942
3038,3038,2271
3039,3039,871
3040,3040,2117
3041,3041,2055
3042,3042,2014
3043,3043,2086
3044,3044,2437
3045,3045,509
3046,3046,1946
3047,3047,2438
3048,3048,2439
3049,3049,2440
3050,3050,2122
3051,3051,2441
3052,3052,2442
3053,3053,1308
3054,3054,167
3055,3055,2443
3056,3056,2004
3057,3057,1713
3058,3058,2052
3059,3059,1691
3060,3060,893
3061,3061,2126
3062,3062,2124
3063,3063,2237
3064,3064,2224
3065,3065,2444
3066,3066,2445
3067,3067,2127
3068,3068,2446
3069,3069,2447
3070,3070,2164
3071,3071,2448
3072,3072,1161
3073,3073,2449
3074,3074,2450
3075,3075,1018
3076,3076,1921
3077,3077,2053
3078,3078,2135
3079,3079,1970
3080,3080,1649
3081,3081,1182
3082,3082,490
3083,3083,2451
3084,3084,1483
3085,3085,1747
3086,3086,2452
3087,3087,2142
3088,3088,2223
3089,3089,2059
3090,3090,2143
3091,3091,2453
3092,3092,2454
3093,3093,1493
3094,3094,2180
3095,3095,1298
3096,3096,1498
3097,3097,2455
3098,3098,777
3099,3099,2061
3100,3100,1897
3101,3101,2456
3102,3102,2457
3103,3103,2458
3104,3104,2459
3105,3105,2460
3106,3106,2461
3107,3107,2462
3108,3108,2463
3109,3109,2464
3110,3110,2465
3111,3111,2466
3112,3112,2467
3113,3113,2468
3114,3114,2469
3115,3115,2470
3116,3116,2471
3117,3117,2472
3118,3118,2473
3119,3119,2474
3120,3120,2475
3121,3121,2476
3122,3122,2477
3123,3123,2478
3124,3124,2479
3125,3125,2480
3126,3126,2481
3127,3127,1791
3128,3128,1747
3129,3129,1661
3130,3130,1593
3131,3131,1584
3132,3132,2311
3133,3133,1530
3134,3134,1669
3135,3135,401
3136,3136,526
3137,3137,813
3138,3138,1942
3139,3139,1872
3140,3140,462
3141,3141,1950
3142,3142,1489
3143,3143,1228
3144,3144,1490
3145,3145,1879
3146,3146,1688
3147,3147,452
3148,3148,516
3149,3149,557
3150,3150,954
3151,3151,971
3152,3152,947
3153,3153,1298
3154,3154,2001
3155,3155,2012
3156,3156,1155
3157,3157,2053
3158,3158,2059
3159,3159,2354
3160,3160,20
3161,3161,2086
3162,3162,2101
3163,3163,2106
3164,3164,2117
3165,3165,2121
3166,3166,2122
3167,3167,2124
3168,3168,2142
3169,3169,2143
3170,3170,2164
3171,3171,2171
3172,3172,2175
3173,3173,2180
3174,3174,2183
3175,3175,706
3176,3176,2212
3177,3177,1337
3178,3178,2215
3179,3179,970
3180,3180,823
3181,3181,2237
3182,3182,1089
3183,3183,1000
3184,3184,880
3185,3185,881
3186,3186,586
3187,3187,541
3188,3188,869
3189,3189,775
3190,3190,1058
3191,3191,579
3192,3192,2271
3193,3193,2399
3194,3194,2400
3195,3195,1946
3196,3196,2403
3197,3197,1308
3198,3198,1310
3199,3199,412
3200,3200,1338
3201,3201,1125
3202,3202,2412
3203,3203,376
3204,3204,2282
3205,3205,2482
3206,3206,2483
3207,3207,2484
3208,3208,2485
3209,3209,2486
3210,3210,2487
3211,3211,2488
3212,3212,2489
3213,3213,2490
3214,3214,2491
3215,3215,2492
3216,3216,2493
3217,3217,2494
3218,3218,2495
3219,3219,2496
3220,3220,2497
3221,3221,2498
3222,3222,2499
3223,3223,2500
3224,3224,2501
3225,3225,2502
3226,3226,2503
3227,3227,2504
3228,3228,2505
3229,3229,2506
3230,3230,2507
3231,3231,2508
3232,3232,2509
3233,3233,2510
3234,3234,2511
3235,3235,2512
3236,3236,2513
3237,3237,2514
3238,3238,2515
3239,3239,2516
3240,3240,2517
3241,3241,2518
3242,3242,2519
3243,3243,2520
3244,3244,2521
3245,3245,2522
3246,3246,2523
3247,3247,2524
3248,3248,2525
3249,3249,2526
3250,3250,2527
3251,3251,2528
3252,3252,2529
3253,3253,2530
3254,3254,2531
3255,3255,2532
3256,3256,2533
3257,3257,2534
3258,3258,2535
3259,3259,2536
3260,3260,2537
3261,3261,2538
3262,3262,2539
3263,3263,2540
3264,3264,2541
3265,3265,2542
3266,3266,2543
3267,3267,2544
3268,3268,2545
3269,3269,2546
3270,3270,2547
3271,3271,2548
3272,3272,2549
3273,3273,2550
3274,3274,2551
3275,3275,2552
3276,3276,2553
3277,3277,2468
3278,3278,2459
3279,3279,2554
3280,3280,2464
3281,3281,2466
3282,3282,2479
3283,3283,2459
3284,3284,2458
3285,3285,2457
3286,3286,2456
3287,3287,2465
3288,3288,2479
3289,3289,2468
3290,3290,2477
3291,3291,2480
3292,3292,1145
3293,3293,863
3294,3294,1110
3295,3295,1675
3296,3296,2311
3297,3297,1477
3298,3298,1503
3299,3299,1487
3300,3300,2342
3301,3301,2445
3302,3302,2355
3303,3303,2358
3304,3304,2121
3305,3305,2127
3306,3306,2175
3307,3307,2180
3308,3308,2188
3309,3309,1118
3310,3310,2423
3311,3311,2384
3312,3312,2385
3313,3313,2405
3314,3314,2555
3315,3315,2556
3316,3316,2557
3317,3317,2558
3318,3318,2559
3319,3319,2560
3320,3320,2561
3321,3321,2562
3322,3322,2563
3323,3323,2564
3324,3324,1642
3325,3325,1534
3326,3326,1226
3327,3327,679
3328,3328,1950
3329,3329,1233
3330,3330,1238
3331,3331,342
3332,3332,458
3333,3333,396
3334,3334,648
3335,3335,2166
3336,3336,2174
3337,3337,1175
3338,3338,1310
3339,3339,1307
3340,3340,1180
3341,3341,2565
3342,3342,2566
3343,3343,2567
3344,3344,2568
3345,3345,2569
3346,3346,2570
3347,3347,2571
3348,3348,2572
3349,3349,2573
3350,3350,2574
3351,3351,2575
3352,3352,2576
3353,3353,2577
3354,3354,2578
3355,3355,2579
3356,3356,2580
3357,3357,2581
3358,3358,2582
3359,3359,2583
3360,3360,2584
3361,3361,2585
3362,3362,2586
3363,3363,2587
3364,3364,2588
3365,3365,2589
3366,3366,2590
3367,3367,2591
3368,3368,2592
3369,3369,2593
3370,3370,2594
3371,3371,2595
3372,3372,2596
3373,3373,2597
3374,3374,2598
3375,3375,2599
3376,3376,2600
3377,3377,2601
3378,3378,2602
3379,3379,2603
3380,3380,2604
3381,3381,2605
3382,3382,2606
3383,3383,2607
3384,3384,624
3385,3385,682
3386,3386,690
3387,3387,730
3388,3388,830
3389,3389,740
3390,3390,1002
3391,3391,1098
3392,3392,1155
3393,3393,1229
3394,3394,1228
3395,3395,1631
3396,3396,1641
3397,3397,1675
3398,3398,1690
3399,3399,1723
3400,3400,1823
3401,3401,1880
3402,3402,2023
3403,3403,2076
3404,3404,2439
3405,3405,2445
3406,3406,2608
3407,3407,2609
3408,3408,2610
3409,3409,2611
3410,3410,2612
3411,3411,2613
3412,3412,2614
3413,3413,2615
3414,3414,2616
3415,3415,2617
3416,3416,2618
3417,3417,2619
3418,3418,2620
3419,3419,2621
3420,3420,2622
3421,3421,2623
3422,3422,2624
3423,3423,2625
3424,3424,2626
3425,3425,2627
3426,3426,2628
3427,3427,2629
3428,3428,2630
3429,3429,2631
3430,3430,2632
3431,3431,2633
3432,3432,2634
3433,3433,2635
3434,3434,2636
3435,3435,2637
3436,3436,2638
3437,3437,2639
3438,3438,2640
3439,3439,2641
3440,3440,2642
3441,3441,2643
3442,3442,2644
3443,3443,2645
3444,3444,2646
3445,3445,2647
3446,3446,2648
3447,3447,2649
3448,3448,2650
3449,3449,2651
3450,3450,2652
3451,3451,2653
3452,3452,2654
3453,3453,2655
3454,3454,2656
3455,3455,2657
3456,3456,701
3457,3457,723
3458,3458,1429
3459,3459,880
3460,3460,2243
3461,3461,788
3462,3462,1269
3463,3463,1242
3464,3464,859
3465,3465,2658
3466,3466,1067
3467,3467,1388
3468,3468,1414
3469,3469,2568
3470,3470,2659
3471,3471,2660
3472,3472,2661
3473,3473,2662
3474,3474,2663
3475,3475,2664
3476,3476,2665
3477,3477,2666
3478,3478,2667
3479,3479,2668
3480,3480,2669
3481,3481,2670
3482,3482,2671
3483,3483,591
3484,3484,721
3485,3485,955
3486,3486,1059
3487,3487,1421
3488,3488,1663
3489,3489,1961
3490,3490,2214
3491,3491,2672
3492,3492,2673
3493,3493,2674
3494,3494,2675
3495,3495,2676
3496,3496,2677
3497,3497,2678
3498,3498,2679
3499,3499,2680
3500,3500,2681
3501,3501,2682
3502,3502,2683
3503,3503,2684
3504,3504,2685
3505,3505,2686
3506,3506,2687
3507,3507,2688
3508,3508,2689
3509,3509,2690
3510,3510,2691
3511,3511,2692
3512,3512,2693
3513,3513,2694
3514,3514,2695
3515,3515,2696
3516,3516,2697
3517,3517,2698
3518,3518,2699
3519,3519,2700
3520,3520,2701
3521,3521,2702
3522,3522,2703
3523,3523,2704
3524,3524,2705
3525,3525,2706
3526,3526,2707
3527,3527,2708
3528,3528,2709
3529,3529,2710
3530,3530,2711
3531,3531,2712
3532,3532,2713
3533,3533,2714
3534,3534,2715
3535,3535,2716
3536,3536,2717
3537,3537,2718
3538,3538,2719
3539,3539,2720
3540,3540,2721
3541,3541,2722
3542,3542,2723
3543,3543,2724
3544,3544,2725
3545,3545,2726
3546,3546,2727
3547,3547,2728
3548,3548,2729
3549,3549,2730
3550,3550,2731
3551,3551,2732
3552,3552,2733
3553,3553,2734
3554,3554,2735
3555,3555,2736
3556,3556,2737
3557,3557,2738
3558,3558,2739
3559,3559,2740
3560,3560,2741
3561,3561,1018
3562,3562,1104
3563,3563,1175
3564,3564,1206
3565,3565,1240
3566,3566,1252
3567,3567,1254
3568,3568,1292
3569,3569,1327
3570,3570,1334
3571,3571,1338
3572,3572,1110
3573,3573,1605
3574,3574,1642
3575,3575,1656
3576,3576,1693
3577,3577,477
3578,3578,1812
3579,3579,1895
3580,3580,1950
3581,3581,1974
3582,3582,2044
3583,3583,2046
3584,3584,2205
3585,3585,2387
3586,3586,2388
3587,3587,2389
3588,3588,2392
3589,3589,2398
3590,3590,2416
3591,3591,1921
3592,3592,2392
3593,3593,2742
3594,3594,2743
3595,3595,2742
3596,3596,2743
3597,3597,2743
3598,3598,2744
3599,3599,2745
3600,3600,2746
3601,3601,2747
3602,3602,2748
3603,3603,2749
3604,3604,2750
3605,3605,2751
3606,3606,2752
3607,3607,2753
3608,3608,2754
3609,3609,2755
3610,3610,2755
3611,3611,2756
3612,3612,2712
3613,3613,2713
3614,3614,2715
3615,3615,2716
3616,3616,2717
3617,3617,2718
3618,3618,2719
3619,3619,2722
3620,3620,2757
3621,3621,2727
3622,3622,2728
3623,3623,2730
3624,3624,2734
3625,3625,2739
3626,3626,2758
3627,3627,2736
3628,3628,2759
3629,3629,2760
3630,3630,2761
3631,3631,2762
3632,3632,2763
3633,3633,2764
3634,3634,2765
3635,3635,2766
3636,3636,2767
3637,3637,2768
3638,3638,2769
3639,3639,2730
3640,3640,2736
3641,3641,2770
3642,3642,2771
3643,3643,2772
3644,3644,2773
3645,3645,2759
3646,3646,2774
3647,3647,2775
3648,3648,2776
3649,3649,2777
3650,3650,2712
3651,3651,2718
3652,3652,2778
3653,3653,2758
3654,3654,2738
3655,3655,2737
3656,3656,2731
3657,3657,2729
3658,3658,2720
3659,3659,2757
3660,3660,2749
3661,3661,2779
3662,3662,2780
3663,3663,2741
3664,3664,2781
3665,3665,2782
3666,3666,2783
3667,3667,2784
3668,3668,2785
3669,3669,2786
3670,3670,2787
3671,3671,2788
3672,3672,2789
3673,3673,2790
3674,3674,2791
3675,3675,2792
3676,3676,2793
3677,3677,2794
3678,3678,2795
3679,3679,2796
3680,3680,2797
3681,3681,2798
3682,3682,2799
3683,3683,2800
3684,3684,2801
3685,3685,2802
3686,3686,2803
3687,3687,2804
3688,3688,2805
3689,3689,2806
3690,3690,2807
3691,3691,2808
3692,3692,2809
3693,3693,2810
3694,3694,2811
3695,3695,2812
3696,3696,2813
3697,3697,2814
3698,3698,2815
3699,3699,2816
3700,3700,2817
3701,3701,2818
3702,3702,2819
3703,3703,2820
3704,3704,2821
3705,3705,2732
3706,3706,2725
3707,3707,2822
3708,3708,2823
3709,3709,2824
3710,3710,2825
3711,3711,2826
3712,3712,2827
3713,3713,2828
3714,3714,2829
3715,3715,2830
3716,3716,2831
3717,3717,2832
3718,3718,2765
3719,3719,2833
3720,3720,2834
3721,3721,2835
3722,3722,2836
3723,3723,2837
3724,3724,2838
3725,3725,2839
3726,3726,2840
3727,3727,2841
3728,3728,2842
3729,3729,2832
3730,3730,2730
3731,3731,2843
3732,3732,2844
3733,3733,2845
3734,3734,2826
3735,3735,2825
3736,3736,2823
3737,3737,2822
3738,3738,2816
3739,3739,2811
3740,3740,2810
3741,3741,2795
3742,3742,2794
3743,3743,2741
3744,3744,2779
3745,3745,2819
3746,3746,2821
3747,3747,2731
3748,3748,2732
3749,3749,2846
3750,3750,2847
3751,3751,2848
3752,3752,2849
3753,3753,2850
3754,3754,2851
3755,3755,2852
3756,3756,2853
3757,3757,2854
3758,3758,2855
3759,3759,2856
3760,3760,2857
3761,3761,2267
3762,3762,2858
3763,3763,2859
3764,3764,2860
3765,3765,2861
3766,3766,2862
3767,3767,2863
3768,3768,2864
3769,3769,1412
3770,3770,2307
3771,3771,2865
3772,3772,2738
3773,3773,2774
3774,3774,2773
3775,3775,2765
3776,3776,2764
3777,3777,2760
3778,3778,2759
3779,3779,2739
3780,3780,2727
3781,3781,2719
3782,3782,2718
3783,3783,2866
3784,3784,2755
3785,3785,2755
3786,3786,2867
3787,3787,2868
3788,3788,2869
3789,3789,2870
3790,3790,2871
3791,3791,2872
3792,3792,2873
3793,3793,2874
3794,3794,2875
3795,3795,2876
3796,3796,2877
3797,3797,2753
3798,3798,2752
3799,3799,2749
3800,3800,2747
3801,3801,2745
3802,3802,2466
3803,3803,2461
3804,3804,2878
3805,3805,2879
3806,3806,2880
3807,3807,2881
3808,3808,2882
3809,3809,2883
3810,3810,2884
3811,3811,2885
3812,3812,2886
3813,3813,2887
3814,3814,2888
3815,3815,2889
3816,3816,2890
3817,3817,2891
3818,3818,2892
3819,3819,2893
3820,3820,2799
3821,3821,2894
3822,3822,2775
3823,3823,2774
3824,3824,2771
3825,3825,2770
3826,3826,2763
3827,3827,2832
3828,3828,648
3829,3829,2863
3830,3830,2862
3831,3831,2851
3832,3832,2847
3833,3833,2046
3834,3834,2044
3835,3835,1018
3836,3836,2697
3837,3837,2214
3838,3838,2642
3839,3839,2632
3840,3840,2619
3841,3841,2618
3842,3842,1155
3843,3843,740
3844,3844,2600
3845,3845,2574
3846,3846,2573
3847,3847,2567
3848,3848,2550
3849,3849,2542
3850,3850,2537
3851,3851,2536
3852,3852,2523
3853,3853,2522
3854,3854,2121
3855,3855,20
3856,3856,1950
3857,3857,1530
3858,3858,1970
3859,3859,2124
3860,3860,2055
3861,3861,2212
3862,3862,2001
3863,3863,2395
3864,3864,2392
3865,3865,2364
3866,3866,2313
3867,3867,2306
3868,3868,2099
3869,3869,2040
3870,3870,2028
3871,3871,1961
3872,3872,1534
3873,3873,1661
3874,3874,2278
3875,3875,2277
3876,3876,2271
3877,3877,2264
3878,3878,2251
3879,3879,524
3880,3880,2243
3881,3881,2242
3882,3882,2241
3883,3883,2222
3884,3884,2221
3885,3885,2219
3886,3886,2218
3887,3887,2216
3888,3888,2198
3889,3889,2195
3890,3890,2109
3891,3891,2104
3892,3892,2098
3893,3893,2096
3894,3894,2083
3895,3895,2016
3896,3896,2002
3897,3897,2000
3898,3898,1998
3899,3899,1988
3900,3900,1987
3901,3901,1977
3902,3902,1973
3903,3903,1972
3904,3904,1963
3905,3905,1915
3906,3906,1906
3907,3907,490
3908,3908,1593
3909,3909,1896
3910,3910,1787
3911,3911,1779
3912,3912,1775
3913,3913,1774
3914,3914,1772
3915,3915,1769
3916,3916,1742
3917,3917,1736
3918,3918,1733
3919,3919,1693
3920,3920,991
3921,3921,1674
3922,3922,1660
3923,3923,1659
3924,3924,1655
3925,3925,1653
3926,3926,1652
3927,3927,1651
3928,3928,1644
3929,3929,1622
3930,3930,1602
3931,3931,1599
3932,3932,1595
3933,3933,1578
3934,3934,1556
3935,3935,1552
3936,3936,1511
3937,3937,1422
3938,3938,1409
3939,3939,1403
3940,3940,886
3941,3941,1094
3942,3942,1102
3943,3943,1330
3944,3944,1282
3945,3945,1269
3946,3946,1242
3947,3947,1219
3948,3948,1210
3949,3949,1206
3950,3950,1196
3951,3951,1193
3952,3952,1072
3953,3953,1057
3954,3954,1053
3955,3955,945
3956,3956,920
3957,3957,919
3958,3958,849
3959,3959,843
3960,3960,832
3961,3961,818
3962,3962,788
3963,3963,776
3964,3964,770
3965,3965,769
3966,3966,768
3967,3967,747
3968,3968,745
3969,3969,736
3970,3970,723
3971,3971,702
3972,3972,701
3973,3973,695
3974,3974,677
3975,3975,676
3976,3976,659
3977,3977,654
3978,3978,647
3979,3979,635
3980,3980,604
3981,3981,598
3982,3982,597
3983,3983,593
3984,3984,562
3985,3985,558
3986,3986,557
3987,3987,554
3988,3988,540
3989,3989,534
3990,3990,526
3991,3991,488
3992,3992,223
3993,3993,1412
3994,3994,1656
3995,3995,2686
3996,3996,2611
3997,3997,2563
3998,3998,2559
3999,3999,2388
4000,4000,2282
4001,4001,2127
4002,4002,1974
4003,4003,1922
4004,4004,1921
4005,4005,1641
4006,4006,1675
4007,4007,1610
4008,4008,1496
4009,4009,1225
4010,4010,1878
4011,4011,1673
4012,4012,2738
4013,4013,2811
4014,4014,2816
4015,4015,2730
4016,4016,2757
4017,4017,2727
4018,4018,2756
4019,4019,2748
4020,4020,2726
4021,4021,2721
4022,4022,2720
4023,4023,2468
4024,4024,2553
4025,4025,2552
4026,4026,2476
4027,4027,2472
4028,4028,2471
4029,4029,2470
4030,4030,2462
4031,4031,2461
4032,4032,2295
4033,4033,2294
4034,4034,1898
4035,4035,867
4036,4036,2473
4037,4037,2895
4038,4038,2762
4039,4039,2896
4040,4040,2897
4041,4041,2898
4042,4042,2899
4043,4043,2900
4044,4044,2901
4045,4045,2902
4046,4046,2903
4047,4047,2904
4048,4048,2905
4049,4049,2906
4050,4050,2907
4051,4051,2908
4052,4052,2909
4053,4053,2910
4054,4054,2911
4055,4055,2912
4056,4056,2913
4057,4057,2914
4058,4058,2915
4059,4059,2916
4060,4060,2917
4061,4061,2918
4062,4062,2919
4063,4063,2920
4064,4064,2921
4065,4065,2922
4066,4066,2923
4067,4067,2924