fbaFeeId,asinId,packageLength,packageWidth,packageHeight,packageWeight,priceGridFbaFeeId
,1,25.0,24.8,2.0,740.0,9
,2,20.4,14.2,2.8,360.0,5
,3,18.8,16.6,2.0,380.0,4
,4,17.0,12.6,1.4,381.0,4
,5,17.0,12.6,1.6,281.0,4
,6,29.2,22.4,1.0,440.0,4
,7,17.8,10.8,2.0,200.0,3
,8,17.8,12.4,1.4,200.0,3
,9,19.0,10.8,2.8,281.0,5
,10,17.0,10.8,2.6,281.0,5
,11,23.9,15.5,3.3,560.0,5
,12,20.8,13.6,2.4,458.0,4
,13,28.4,22.4,3.6,500.0,5
,14,28.6,24.4,2.2,1460.0,11
,15,17.6,10.8,1.8,141.0,3
,16,17.0,11.0,2.8,259.0,5
,17,24.4,15.4,4.8,800.0,6
,18,17.8,11.2,2.5,259.0,4
,19,25.4,25.2,1.2,400.0,14
,20,21.2,16.0,4.0,920.0,5
,21,17.6,10.8,1.4,140.0,3
,22,17.8,11.4,2.8,422.0,5
,23,24.0,18.8,2.6,920.0,5
,24,18.0,11.0,3.0,281.0,5
,25,30.0,22.4,1.0,400.0,4
,26,27.2,21.2,4.4,1338.0,10
,27,27.4,23.2,2.4,1320.0,10
,28,23.2,22.6,3.4,520.0,5
,29,23.9,15.5,3.8,600.0,5
,30,28.6,24.8,3.0,2018.0,12
,31,17.2,10.7,2.4,181.0,3
,33,28.6,28.2,1.2,560.0,15
,34,27.8,22.2,1.8,800.0,5
,35,36.2,27.6,1.4,939.0,16
,36,17.7,10.8,2.3,200.0,3
,37,21.4,15.2,1.6,299.0,4
,38,31.0,26.0,3.8,2420.0,18
,39,28.4,22.2,3.2,1840.0,11
,40,25.8,21.4,2.4,1102.0,10
,41,29.0,23.8,3.4,1760.0,11
,42,30.4,21.8,2.8,1500.0,11
,43,29.2,27.6,2.0,1320.0,16
,44,31.2,25.0,2.2,1400.0,10
,45,25.1,17.8,1.5,522.0,5
,46,20.2,12.8,2.6,300.0,5
,47,26.4,19.6,1.6,399.0,4
,48,23.4,15.4,2.0,560.0,5
,49,28.4,24.4,1.8,1080.0,10
,50,20.8,13.4,1.2,220.0,4
,51,20.5,13.2,2.7,340.0,5
,52,20.0,14.0,2.4,316.0,4
,53,25.8,20.4,1.6,740.0,5
,54,23.4,22.2,5.4,2830.0,12
,55,26.2,21.6,2.4,1080.0,10
,56,25.2,24.0,1.4,739.0,9
,57,21.4,15.8,3.2,740.0,5
,58,31.8,24.6,2.6,1878.0,11
,59,23.1,19.8,2.0,620.0,5
,60,25.8,21.4,2.6,1102.0,10
,61,24.8,22.6,2.2,1020.0,10
,62,29.2,21.2,1.8,940.0,5
,63,25.0,20.0,3.6,1600.0,11
,64,8.0,8.0,5.0,82.0,6
,65,21.8,14.0,3.2,480.0,5
,66,22.8,15.0,4.0,680.0,5
,67,21.8,14.0,3.0,400.0,5
,68,28.8,23.6,1.8,1040.0,10
,69,25.2,20.2,1.6,662.0,5
,70,28.6,21.4,2.8,1500.0,11
,71,38.0,26.0,23.0,2080.0,18
,72,21.0,14.0,3.6,480.0,5
,73,21.8,14.2,2.6,350.0,5
,74,18.0,13.8,1.5,83.0,3
,75,22.0,14.2,2.6,380.0,5
,76,22.4,14.0,2.6,480.0,5
,77,19.2,13.8,1.4,120.0,3
,78,19.6,13.4,3.0,360.0,5
,79,21.8,14.0,2.0,240.0,4
,80,33.0,22.9,7.4,440.0,9
,81,25.6,19.8,3.4,2018.0,12
,83,30.6,25.6,2.4,1640.0,17
,84,21.2,14.2,3.6,480.0,5
,86,30.8,24.2,3.0,1760.0,11
,87,25.8,18.6,4.8,320.0,6
,88,18.5,16.5,13.5,100.0,13
,89,27.6,22.8,2.2,1100.0,10
,90,28.8,23.8,1.8,1060.0,10
,91,22.8,15.2,3.4,540.0,5
,92,30.4,24.6,3.0,1919.0,12
,93,23.8,17.4,2.4,660.0,5
,94,20.8,17.0,15.6,300.0,14
,95,19.4,12.0,2.7,100.0,5
,96,27.4,21.4,4.2,2241.0,12
,97,23.8,15.2,2.6,480.0,5
,98,24.2,20.4,2.0,939.0,5
,99,31.6,25.6,2.0,1719.0,17
,100,24.0,19.6,2.2,939.0,5
,101,22.2,18.6,0.6,458.0,4
,102,21.4,14.9,1.8,358.0,4
,103,27.4,23.6,1.6,1020.0,10
,104,23.0,18.6,2.4,880.0,5
,105,22.0,14.6,2.6,481.0,5
,106,23.4,15.2,5.0,880.0,6
,107,24.4,17.0,1.8,739.0,5
,108,27.6,22.6,1.4,798.0,5
,109,23.0,20.4,1.6,640.0,5
,110,22.4,14.2,2.6,222.0,5
,111,26.4,19.6,2.4,1220.0,10
,112,22.8,18.6,3.2,860.0,5
,113,25.2,18.6,4.0,1520.0,11
,114,26.8,21.8,1.0,900.0,5
,115,21.4,15.8,2.4,480.0,5
,116,33.6,26.7,2.3,2182.0,18
,117,21.2,14.6,4.4,480.0,6
,118,24.2,15.4,2.4,440.0,4
,119,23.4,15.4,2.6,458.0,5
,120,23.8,15.4,2.8,499.0,5
,121,21.0,14.4,2.8,340.0,5
,122,23.0,16.2,2.0,1940.0,12
,123,21.6,14.4,2.8,380.0,5
,124,20.4,14.0,2.2,290.0,4
,125,20.9,14.8,1.9,240.0,4
,126,22.4,14.4,2.6,400.0,5
,127,19.2,14.0,2.0,399.0,4
,128,24.0,17.0,3.8,1179.0,10
,129,21.2,15.2,2.0,280.0,4
,130,31.2,23.6,1.6,821.0,9
,131,27.8,23.0,1.8,940.0,5
,132,23.9,17.4,2.0,710.0,5
,133,19.6,13.0,3.8,680.0,5
,134,23.8,15.4,4.0,680.0,5
,135,21.6,14.6,2.2,240.0,4
,136,23.9,15.9,4.6,600.0,6
,137,21.8,14.0,2.0,272.0,4
,138,20.8,15.0,1.4,299.0,4
,139,24.8,19.2,2.2,1080.0,10
,140,26.3,20.8,2.3,960.0,5
,141,29.0,21.8,2.0,1202.0,10
,142,31.0,23.6,1.2,700.0,9
,143,21.0,15.0,1.0,80.0,3
,144,20.2,20.2,2.6,840.0,5
,145,31.4,24.0,1.2,600.0,9
,146,29.6,22.0,2.0,940.0,5
,147,23.8,15.4,3.0,540.0,5
,148,43.4,36.0,3.0,3680.0,30
,149,20.8,14.8,2.2,380.0,4
,150,27.8,21.4,2.6,1440.0,11
,151,25.4,19.6,2.6,1190.0,10
,152,22.8,18.4,2.6,760.0,5
,153,13.3,13.1,4.8,310.0,6
,154,20.8,15.0,1.8,220.0,4
,155,24.0,21.4,2.2,962.0,10
,156,23.2,16.7,2.8,717.0,5
,157,26.0,20.6,1.8,558.0,5
,158,20.2,13.4,2.8,500.0,5
,159,20.8,15.0,1.7,320.0,4
,160,29.5,24.4,2.3,1480.0,11
,161,33.0,26.2,2.8,2160.0,18
,162,13.2,12.9,4.8,300.0,6
,163,31.0,21.6,2.2,1060.0,10
,164,23.8,16.0,3.8,760.0,5
,165,22.2,14.2,3.0,499.0,5
,166,24.8,19.2,2.6,920.0,5
,167,28.6,22.8,2.4,1520.0,11
,168,21.0,13.6,5.4,780.0,6
,169,22.2,13.8,2.6,460.0,5
,170,26.2,20.4,2.4,1139.0,10
,171,20.8,14.8,1.8,380.0,4
,172,20.8,15.0,1.4,260.0,4
,173,24.0,19.2,2.0,780.0,5
,174,21.8,16.6,2.2,1501.0,11
,175,23.3,15.4,3.2,580.0,5
,176,20.8,14.8,1.6,220.0,4
,177,25.0,17.2,2.2,780.0,5
,178,29.0,21.8,0.8,422.0,4
,179,20.8,14.8,2.0,300.0,4
,180,29.0,21.0,2.4,1080.0,10
,181,22.8,18.8,2.8,940.0,5
,182,23.2,19.0,1.8,800.0,5
,183,24.9,20.1,2.5,880.0,5
,184,22.8,18.8,3.2,1061.0,10
,185,23.2,17.0,3.8,898.0,5
,186,25.8,20.4,1.4,740.0,5
,187,22.6,18.8,4.0,1040.0,10
,188,23.8,15.4,3.2,580.0,5
,189,48.0,30.2,5.8,1360.0,25
,190,23.2,16.7,2.8,717.0,5
,191,29.5,23.6,2.5,1440.0,11
,192,34.4,26.2,2.0,1460.0,17
,193,23.6,19.6,2.0,660.0,5
,194,23.5,19.9,2.1,820.0,5
,195,26.6,24.6,1.8,1060.0,10
,196,25.2,19.6,2.4,1080.0,10
,197,29.6,25.8,2.8,1800.0,17
,198,29.2,24.0,2.0,1202.0,10
,199,26.2,24.2,2.0,1280.0,10
,200,22.8,18.6,2.0,400.0,4
,201,18.8,10.6,1.4,340.0,4
,202,28.0,22.0,1.2,800.0,5
,203,18.8,13.0,1.2,120.0,3
,204,27.4,20.0,1.0,381.0,4
,205,28.8,24.6,2.4,1420.0,11
,206,29.4,17.8,10.2,300.0,8
,207,22.2,18.4,1.8,340.0,4
,208,19.8,13.0,2.2,10.0,2
,209,20.8,13.8,7.2,280.0,8
,210,22.4,14.2,3.4,520.0,5
,211,21.8,14.0,2.2,340.0,4
,212,20.4,14.0,2.6,440.0,5
,213,21.9,14.6,4.6,800.0,6
,214,22.5,14.0,2.8,428.0,5
,215,22.5,14.7,2.0,300.0,4
,216,22.4,14.0,3.6,460.0,5
,217,21.4,13.6,3.0,420.0,5
,218,23.6,15.2,3.6,581.0,5
,219,20.8,13.0,2.0,240.0,4
,220,20.2,14.0,2.6,540.0,5
,221,20.0,13.0,2.0,358.0,4
,222,22.4,14.0,4.0,481.0,5
,223,22.4,14.4,2.6,422.0,5
,224,23.1,14.2,3.0,680.0,5
,225,23.2,14.6,3.8,662.0,5
,226,24.0,15.2,3.8,700.0,5
,227,22.6,15.8,3.6,370.0,5
,228,20.8,14.0,4.1,750.0,6
,229,20.5,14.0,1.9,180.0,3
,230,21.6,14.8,2.4,500.0,5
,231,21.4,13.8,3.4,431.0,5
,232,21.4,13.4,1.6,10.0,2
,233,22.3,15.6,3.6,640.0,5
,234,23.8,14.6,3.6,660.0,5
,235,20.4,13.0,3.2,360.0,5
,236,21.4,15.4,4.6,780.0,6
,237,24.0,15.4,3.7,620.0,5
,238,23.4,15.4,5.0,680.0,6
,239,21.8,14.8,1.6,220.0,4
,240,21.4,13.6,4.2,522.0,6
,241,20.8,14.0,3.8,860.0,5
,242,17.8,10.6,5.4,720.0,6
,243,24.2,19.2,3.6,1220.0,10
,244,20.4,13.8,2.0,480.0,5
,245,22.3,14.0,2.3,340.0,4
,246,30.6,23.8,2.4,1380.0,10
,247,22.9,18.5,1.5,280.0,4
,248,24.0,19.4,2.8,640.0,5
,249,19.8,14.0,3.8,680.0,5
,250,22.8,14.4,3.4,580.0,5
,251,22.8,15.2,2.4,430.0,4
,252,23.4,19.2,3.2,1740.0,11
,253,27.4,25.4,3.2,1780.0,17
,254,20.2,16.8,2.4,460.0,4
,255,22.0,22.0,2.8,1080.0,10
,256,22.0,17.2,1.6,540.0,5
,257,22.6,15.2,3.0,460.0,5
,258,23.8,17.0,2.2,840.0,5
,259,29.0,22.4,2.4,1302.0,10
,260,22.3,18.8,1.3,230.0,4
,261,20.8,15.0,1.6,340.0,4
,262,24.0,19.2,2.4,581.0,5
,263,24.0,19.0,2.8,640.0,5
,264,23.6,19.4,2.8,581.0,5
,265,18.8,14.0,3.8,740.0,5
,266,25.0,19.6,1.6,560.0,5
,267,22.4,13.8,2.0,260.0,4
,268,18.8,13.0,3.0,360.0,5
,269,22.4,14.0,2.8,420.0,5
,270,24.0,19.2,3.0,960.0,5
,271,19.2,19.2,2.4,720.0,5
,272,28.4,23.2,1.4,520.0,9
,273,24.0,19.4,3.0,1040.0,10
,274,27.4,19.2,6.6,280.0,8
,275,18.0,13.8,1.5,83.0,3
,277,14.4,8.6,1.4,82.0,3
,278,19.0,13.6,1.6,100.0,3
,279,39.0,29.2,5.6,1140.0,16
,280,18.0,13.8,1.5,83.0,3
,281,18.0,13.8,1.5,83.0,3
,282,18.8,13.7,1.5,113.0,3
,283,19.2,13.6,3.2,200.0,5
,284,19.0,14.0,3.2,222.0,5
,285,18.0,13.8,1.5,83.0,3
,286,17.1,13.6,1.2,60.0,2
,287,17.0,13.6,1.4,80.0,3
,288,20.0,14.6,4.6,320.0,6
,290,18.4,13.6,1.6,200.0,3
,291,18.0,13.8,1.5,83.0,3
,292,18.0,13.8,1.5,83.0,3
,293,18.0,13.8,1.5,83.0,3
,294,18.0,13.8,1.5,83.0,3
,295,18.0,13.8,1.5,83.0,3
,296,19.1,13.6,1.5,80.0,3
,297,49.2,31.2,4.5,660.0,23
,298,20.2,20.0,6.8,380.0,8
,299,27.0,27.0,6.5,1061.0,16
,300,18.0,13.8,1.5,83.0,3
,301,15.4,13.4,4.0,20.0,5
,302,20.6,14.8,4.0,75.0,5
,303,18.0,13.8,1.5,83.0,3
,304,17.5,14.0,1.0,60.0,1
,305,33.8,23.4,5.4,280.0,8
,306,17.0,15.8,2.8,80.0,5
,307,18.0,13.8,1.5,83.0,3
,308,29.0,12.0,12.0,300.0,8
,309,32.6,27.2,5.0,340.0,14
,310,49.9,24.2,9.9,220.0,23
,311,18.0,13.8,1.5,83.0,3
,312,19.4,13.8,4.6,260.0,6
,313,18.0,13.8,1.5,82.0,3
,314,18.0,13.8,1.5,83.0,3
,315,18.0,13.8,1.5,83.0,3
,316,18.0,13.8,1.5,83.0,3
,317,20.8,20.4,5.4,380.0,6
,318,33.4,23.0,5.0,300.0,8
,319,23.4,15.4,3.0,480.0,5
,320,19.2,13.6,1.6,82.0,3
,321,18.0,13.8,1.5,83.0,3
,322,18.0,13.8,1.5,83.0,3
,323,18.0,13.8,1.5,83.0,3
,324,18.0,13.8,1.5,83.0,3
,325,18.0,13.8,1.5,83.0,3
,326,18.0,13.8,1.5,83.0,3
,327,18.0,13.8,1.5,83.0,3
,328,18.0,13.8,1.5,83.0,3
,329,18.6,13.6,1.8,141.0,3
,330,18.0,13.8,1.5,83.0,3
,331,19.2,13.8,1.8,159.0,3
,332,18.0,13.8,1.5,83.0,3
,333,18.8,13.7,1.3,90.0,3
,334,18.0,13.8,1.5,83.0,3
,335,19.0,13.6,1.4,60.0,2
,336,19.0,13.6,1.6,100.0,3
,337,18.0,13.8,1.5,83.0,3
,338,23.1,15.0,2.0,380.0,4
,339,18.0,13.8,1.5,83.0,3
,340,21.1,15.5,2.9,690.0,5
,341,21.0,15.0,2.2,420.0,4
,342,22.1,15.2,2.9,450.0,5
,343,19.2,14.0,2.4,140.0,3
,344,21.2,14.8,1.2,80.0,3
,345,24.6,15.4,1.8,80.0,3
,346,18.4,13.6,1.6,100.0,3
,348,20.2,15.1,4.3,80.0,6
,349,25.7,23.2,13.2,1310.0,16
,350,19.2,13.8,1.8,120.0,3
,351,19.0,13.8,1.8,118.0,3
,352,18.0,13.8,1.5,83.0,3
,353,11.0,4.0,2.0,40.0,2
,354,18.0,13.8,1.5,83.0,3
,355,19.2,13.6,1.6,120.0,3
,356,22.4,14.2,2.3,380.0,4
,357,15.2,5.0,2.8,60.0,5
,358,19.2,13.8,2.6,140.0,5
,359,27.8,27.6,5.8,640.0,15
,360,18.4,13.6,1.4,100.0,3
,361,23.8,23.6,3.4,1780.0,11
,362,19.4,9.9,1.9,40.0,2
,363,27.2,15.4,4.2,220.0,6
,364,19.8,13.0,3.0,340.0,5
,365,23.2,17.8,1.5,381.0,4
,366,15.2,5.4,4.0,120.0,5
,367,15.0,5.4,3.6,60.0,5
,368,19.2,13.6,1.8,118.0,3
,369,22.3,14.0,2.0,160.0,3
,370,26.4,18.4,2.0,660.0,5
,371,22.4,14.0,3.0,500.0,5
,372,24.2,19.2,2.8,920.0,5
,373,18.0,13.8,1.5,83.0,3
,374,21.4,14.9,1.8,358.0,4
,375,20.8,13.6,2.8,440.0,5
,376,26.0,25.6,3.0,1941.0,18
,377,19.0,13.6,1.6,80.0,3
,378,18.9,13.6,1.4,100.0,3
,379,27.0,19.0,1.6,520.0,5
,380,20.6,14.2,2.2,400.0,4
,381,20.6,15.0,1.4,300.0,4
,382,21.4,14.9,1.8,358.0,4
,383,23.8,17.4,1.6,500.0,5
,384,20.4,15.4,3.8,80.0,5
,385,20.2,13.0,2.8,340.0,5
,386,23.6,18.0,1.6,740.0,5
,387,20.4,13.0,2.6,300.0,5
,388,28.4,23.0,2.2,1220.0,10
,389,20.4,13.0,2.6,300.0,5
,390,26.0,19.6,2.8,880.0,5
,391,24.8,20.4,2.0,620.0,5
,392,24.6,18.8,2.8,950.0,5
,393,20.8,13.4,3.0,420.0,5
,394,26.2,20.0,2.6,920.0,5
,395,24.2,18.6,2.6,840.0,5
,396,21.4,14.9,1.8,358.0,4
,397,23.8,21.4,2.4,1361.0,10
,398,23.6,15.8,3.0,700.0,5
,399,20.8,13.4,2.0,200.0,3
,400,21.4,14.9,1.8,358.0,4
,401,22.0,19.6,1.6,520.0,5
,402,23.8,15.2,3.6,620.0,5
,403,21.4,16.2,3.6,1200.0,10
,404,19.4,13.8,3.2,200.0,5
,405,18.0,13.8,1.5,200.0,3
,406,30.2,23.4,2.0,940.0,10
,407,25.4,20.2,3.4,1400.0,10
,408,25.8,20.2,2.2,1060.0,10
,409,10.0,4.1,2.3,60.0,2
,410,23.2,16.7,2.8,717.0,5
,411,28.2,21.4,3.8,1780.0,11
,412,29.6,21.6,2.4,1160.0,10
,413,29.2,23.2,2.8,1560.0,11
,414,27.2,21.2,4.0,1840.0,11
,415,12.4,5.8,3.8,100.0,5
,416,30.8,24.6,3.2,2481.0,12
,417,23.8,19.8,2.0,620.0,5
,418,25.2,20.2,4.6,1920.0,12
,419,15.2,5.4,3.4,60.0,5
,420,25.8,20.4,1.4,740.0,5
,421,20.2,8.8,1.8,40.0,2
,422,16.5,10.0,1.6,40.0,2
,423,18.6,7.8,2.0,80.0,3
,424,16.9,11.3,1.3,100.0,3
,425,15.0,3.2,1.4,20.0,2
,426,27.2,19.0,5.8,520.0,6
,427,20.8,8.2,8.0,920.0,10
,428,20.0,7.0,4.0,440.0,5
,429,21.6,6.0,2.2,450.0,4
,430,16.8,7.3,4.6,281.0,6
,431,20.5,7.7,7.6,810.0,9
,432,20.6,7.6,7.5,780.0,9
,433,25.4,8.5,8.0,820.0,9
,434,20.8,7.8,7.8,800.0,9
,435,24.0,16.0,2.2,450.0,4
,436,34.5,23.5,2.0,1460.0,11
,437,22.8,20.2,1.4,660.0,5
,438,22.6,15.4,2.6,660.0,5
,439,34.2,24.4,1.7,840.0,9
,440,21.8,14.0,1.6,260.0,4
,441,22.8,16.8,1.4,400.0,4
,442,30.0,24.8,4.2,1720.0,11
,443,36.4,26.6,1.2,600.0,15
,444,21.8,14.4,1.8,200.0,3
,445,24.0,16.0,3.4,600.0,5
,446,23.2,15.2,2.6,480.0,5
,447,24.0,16.0,3.8,800.0,5
,448,23.8,16.0,3.2,620.0,5
,449,25.6,18.6,1.4,600.0,5
,450,23.4,19.8,2.4,720.0,5
,451,24.0,16.2,2.5,640.0,5
,452,21.7,16.4,1.6,520.0,5
,453,23.0,15.0,2.6,420.0,5
,454,31.6,24.8,1.8,1360.0,10
,455,20.8,15.0,2.4,360.0,4
,456,22.9,16.0,2.3,540.0,5
,457,29.1,24.6,2.7,1770.0,11
,458,24.6,19.9,2.9,1040.0,10
,459,23.8,17.8,3.8,980.0,10
,460,25.6,21.0,2.2,1060.0,10
,461,21.3,16.0,2.0,320.0,4
,462,21.4,13.4,2.8,420.0,5
,463,22.8,15.0,3.0,520.0,5
,464,26.8,23.8,2.0,1120.0,10
,465,24.2,16.2,3.2,580.0,5
,466,30.6,23.8,2.6,1720.0,11
,467,25.2,20.8,2.6,1102.0,10
,468,21.8,14.7,1.5,220.0,4
,469,21.4,16.0,2.2,540.0,5
,470,25.7,22.3,3.2,1500.0,11
,471,23.8,16.0,3.0,840.0,5
,472,22.0,15.0,1.8,260.0,4
,473,23.2,16.0,3.6,699.0,5
,474,20.6,15.4,2.2,680.0,5
,475,29.8,21.4,3.0,1500.0,11
,476,22.0,14.0,2.4,520.0,5
,477,22.2,14.0,2.6,600.0,5
,478,24.8,16.8,3.2,1060.0,10
,479,21.8,14.4,2.2,280.0,4
,480,21.6,14.6,3.8,460.0,5
,481,31.6,26.4,1.4,720.0,15
,482,20.4,13.8,2.2,320.0,4
,483,26.2,19.5,1.7,860.0,5
,484,18.8,13.0,1.8,220.0,4
,485,18.8,13.0,1.6,180.0,3
,486,33.6,26.0,3.2,1880.0,17
,487,22.4,16.8,2.6,360.0,5
,488,23.9,19.1,1.7,810.0,5
,489,23.8,18.6,2.2,1120.0,10
,490,23.1,18.0,2.8,1110.0,10
,491,18.6,18.4,3.4,580.0,5
,492,22.8,14.8,2.0,300.0,4
,493,25.6,20.8,2.4,1080.0,10
,494,22.8,16.8,2.0,520.0,5
,495,24.7,19.6,1.7,870.0,5
,496,24.0,20.4,1.0,399.0,4
,497,25.6,19.0,2.2,960.0,5
,498,28.8,21.0,2.0,820.0,5
,499,24.0,16.0,1.5,240.0,4
,500,24.0,16.2,2.7,510.0,5
,501,31.0,24.0,2.0,1120.0,10
,502,22.1,20.8,4.1,1340.0,10
,503,29.4,21.6,2.2,1180.0,10
,504,20.0,13.6,2.2,160.0,3
,505,22.8,15.0,3.2,540.0,5
,506,23.9,16.1,3.2,610.0,5
,507,22.0,14.0,2.7,710.0,5
,508,27.9,19.9,0.9,460.0,4
,509,28.0,20.6,2.6,1400.0,10
,510,30.4,26.0,2.6,2140.0,18
,511,20.4,13.4,3.0,420.0,5
,512,21.8,14.0,1.9,320.0,4
,513,21.8,14.0,2.8,420.0,5
,514,20.8,14.0,2.5,340.0,4
,515,23.8,19.6,2.0,800.0,5
,516,23.8,18.0,2.8,1120.0,10
,517,20.6,13.8,1.2,180.0,3
,518,29.2,25.0,3.0,2020.0,12
,519,21.0,18.6,2.0,600.0,5
,520,29.6,25.8,2.6,1700.0,17
,521,23.8,16.1,3.2,600.0,5
,522,21.8,15.0,2.5,380.0,4
,523,20.1,12.4,2.3,520.0,5
,524,22.4,14.2,3.4,720.0,5
,525,21.8,14.0,2.4,380.0,4
,526,30.3,21.5,2.1,1420.0,11
,527,21.8,17.2,2.4,660.0,5
,528,35.2,26.0,7.8,5440.0,20
,529,20.8,15.0,2.4,380.0,4
,530,29.2,25.2,2.6,1500.0,17
,531,25.2,19.8,2.0,780.0,5
,532,23.0,15.8,3.4,500.0,5
,533,37.6,27.6,1.2,980.0,16
,534,27.2,19.6,1.0,481.0,5
,535,21.8,14.0,1.8,240.0,4
,536,21.6,16.2,2.8,680.0,5
,537,20.8,15.0,2.2,300.0,4
,538,23.0,17.9,2.6,1070.0,10
,539,23.8,15.6,3.6,680.0,5
,540,30.6,23.4,2.4,1800.0,11
,541,22.8,15.4,3.8,560.0,5
,542,22.0,18.0,1.5,420.0,4
,543,25.8,19.4,2.4,880.0,5
,544,21.3,13.7,2.3,360.0,4
,545,21.4,14.0,2.4,320.0,4
,546,24.0,15.5,4.6,1160.0,10
,547,24.2,17.6,1.8,820.0,5
,548,37.2,27.8,1.2,980.0,16
,549,22.2,21.2,1.6,780.0,5
,550,35.0,29.0,1.6,1080.0,16
,551,21.4,13.0,2.0,340.0,4
,552,28.4,28.0,1.6,640.0,15
,553,21.8,15.0,1.5,220.0,4
,554,21.8,15.0,2.0,340.0,4
,555,22.0,15.0,2.2,340.0,4
,556,28.8,28.2,1.8,660.0,15
,557,23.9,18.2,3.7,1120.0,10
,558,18.0,11.0,3.6,360.0,5
,559,33.2,25.6,1.6,600.0,15
,560,23.9,16.2,3.7,1000.0,10
,561,23.6,20.2,1.8,420.0,4
,562,22.9,15.0,2.3,380.0,4
,563,16.0,12.2,2.8,260.0,5
,564,29.4,22.8,1.4,762.0,5
,565,29.2,23.2,1.4,739.0,9
,566,17.5,12.0,1.8,380.0,4
,567,28.0,20.0,1.2,550.0,5
,568,22.8,15.0,3.0,500.0,5
,569,22.6,14.6,3.1,340.0,5
,570,22.0,15.0,2.6,420.0,5
,571,18.8,12.8,3.0,400.0,5
,572,16.2,15.6,1.8,280.0,4
,573,29.0,24.4,2.0,1340.0,10
,574,27.8,19.8,1.6,580.0,5
,575,37.3,29.6,3.9,4370.0,20
,576,18.9,13.5,2.2,380.0,4
,577,26.9,19.7,2.7,1400.0,10
,578,23.8,15.2,3.4,500.0,5
,579,22.4,14.6,2.4,520.0,5
,580,21.4,14.0,1.8,280.0,4
,581,27.0,24.4,3.9,2810.0,12
,582,21.8,15.0,1.2,400.0,4
,583,36.2,25.2,1.4,760.0,15
,584,21.6,14.4,2.4,540.0,5
,585,27.8,19.8,1.4,580.0,5
,586,20.8,14.4,4.0,540.0,5
,587,23.4,18.8,1.2,440.0,4
,588,21.6,20.0,1.6,480.0,5
,589,25.2,25.0,2.4,1540.0,11
,590,23.0,17.0,3.4,860.0,5
,591,23.8,16.0,2.0,200.0,3
,592,22.8,15.8,2.2,420.0,4
,593,20.4,13.8,2.0,380.0,4
,594,21.0,14.4,3.8,600.0,5
,595,21.4,15.0,4.2,600.0,6
,596,23.8,18.8,2.4,880.0,5
,597,21.8,14.8,2.0,300.0,4
,598,22.0,15.0,1.6,270.0,4
,599,22.8,15.1,3.2,730.0,5
,600,27.2,20.8,1.8,840.0,5
,601,24.4,17.2,1.0,358.0,4
,602,23.8,16.0,4.2,700.0,6
,603,23.9,16.0,2.8,450.0,5
,604,19.4,19.2,1.6,500.0,5
,605,20.2,13.8,2.2,270.0,4
,606,22.0,14.8,1.8,320.0,4
,607,20.4,13.4,3.2,460.0,5
,608,25.6,19.8,4.8,1780.0,11
,609,21.4,17.0,3.2,740.0,5
,610,23.2,16.1,2.8,340.0,5
,611,21.8,14.6,2.6,820.0,5
,612,20.4,13.4,3.0,360.0,5
,613,18.8,18.8,2.3,600.0,5
,614,22.4,19.7,1.6,620.0,5
,615,22.3,19.6,1.7,520.0,5
,616,19.4,12.8,3.6,821.0,5
,617,21.3,13.2,2.5,280.0,4
,618,20.1,13.2,4.3,360.0,6
,619,23.8,16.0,4.6,1220.0,10
,620,22.4,15.4,2.0,740.0,5
,621,21.4,14.0,1.8,460.0,4
,622,25.8,18.8,2.4,820.0,5
,623,31.8,26.6,1.6,880.0,15
,624,23.9,16.0,2.5,670.0,5
,625,23.8,16.0,3.2,960.0,5
,626,20.8,14.6,3.2,460.0,5
,627,17.6,9.8,2.2,120.0,3
,628,21.4,14.9,1.8,358.0,4
,629,21.0,15.2,2.6,420.0,5
,630,24.1,16.1,2.7,580.0,5
,631,20.4,13.4,3.0,380.0,5
,632,23.8,18.0,4.4,1600.0,11
,633,21.5,21.5,2.4,790.0,5
,634,21.8,13.8,1.6,250.0,4
,635,20.5,13.5,2.2,300.0,4
,636,20.4,13.5,3.1,370.0,5
,637,20.2,20.2,2.4,960.0,5
,638,21.3,14.0,3.7,520.0,5
,639,21.2,15.6,6.2,998.0,10
,640,22.8,14.8,1.8,280.0,4
,641,36.4,19.6,2.8,800.0,15
,642,24.0,16.0,2.4,500.0,5
,643,21.8,14.4,2.0,240.0,4
,644,18.6,14.0,2.6,460.0,5
,645,23.6,18.8,1.6,567.0,5
,646,24.0,16.8,1.6,340.0,4
,647,25.2,19.4,3.6,1780.0,11
,648,18.8,14.0,2.4,460.0,4
,649,23.9,19.0,1.3,640.0,5
,650,24.2,18.0,2.4,760.0,5
,651,20.8,16.0,4.6,700.0,6
,652,23.8,15.8,2.2,440.0,4
,653,20.3,13.6,2.2,330.0,4
,654,21.0,14.6,3.4,520.0,5
,655,24.6,18.2,1.2,440.0,4
,656,21.8,15.0,2.0,460.0,4
,657,22.3,14.0,1.2,190.0,3
,658,23.8,19.0,1.2,620.0,5
,659,27.2,21.0,1.0,460.0,4
,660,22.8,16.0,2.2,380.0,4
,661,19.4,14.6,1.6,320.0,4
,662,23.0,15.0,4.6,1180.0,10
,663,20.8,14.8,1.4,200.0,3
,664,21.8,13.4,2.2,180.0,3
,665,21.8,14.0,3.0,399.0,5
,666,20.4,14.0,1.4,140.0,3
,667,22.4,14.0,3.6,499.0,5
,668,22.0,14.0,2.3,380.0,4
,669,20.8,14.2,2.0,380.0,4
,670,25.0,17.0,3.6,780.0,5
,671,21.8,14.0,2.2,560.0,5
,672,18.8,12.8,1.8,200.0,3
,673,31.6,26.3,1.4,850.0,15
,674,21.6,13.8,2.8,640.0,5
,675,21.4,14.9,1.8,358.0,4
,676,25.6,19.8,2.4,1160.0,10
,677,16.2,14.0,3.4,920.0,5
,678,31.0,23.5,2.0,1380.0,10
,679,21.9,14.1,4.2,680.0,6
,680,26.4,19.4,1.8,721.0,5
,681,21.4,14.9,1.8,358.0,4
,682,21.8,15.0,3.0,520.0,5
,683,34.2,20.8,1.0,560.0,9
,684,23.8,19.6,1.0,380.0,4
,685,21.1,14.1,1.6,200.0,3
,686,24.0,19.6,1.1,440.0,4
,687,28.0,22.4,3.4,1860.0,11
,688,23.9,16.0,3.3,570.0,5
,689,20.4,14.1,2.4,320.0,4
,690,21.0,15.0,2.5,420.0,4
,691,20.4,13.2,2.4,310.0,4
,692,23.8,19.6,1.2,460.0,4
,693,28.0,22.0,3.0,1460.0,11
,694,20.8,16.4,3.0,700.0,5
,695,23.8,19.2,1.2,100.0,3
,696,23.8,19.6,1.2,360.0,4
,697,21.0,19.6,5.4,100.0,6
,698,25.2,19.2,2.0,840.0,5
,699,23.9,16.1,3.4,730.0,5
,700,23.0,15.0,3.4,590.0,5
,701,20.8,14.0,1.8,360.0,4
,702,25.2,19.4,1.2,660.0,5
,703,25.2,19.8,2.4,740.0,5
,704,24.1,17.2,2.3,920.0,5
,705,29.2,23.4,2.6,1520.0,11
,706,37.6,27.6,1.6,960.0,16
,707,24.0,16.0,2.4,420.0,4
,708,25.2,18.6,2.0,820.0,5
,709,28.2,20.4,1.4,640.0,5
,710,23.9,16.1,2.4,490.0,5
,711,26.0,21.8,2.4,1070.0,10
,712,22.2,14.4,2.8,680.0,5
,713,28.2,22.0,1.8,720.0,5
,714,22.1,19.6,1.0,360.0,4
,715,21.4,14.9,1.8,358.0,4
,716,22.8,16.6,2.8,680.0,5
,717,21.8,15.0,2.2,340.0,4
,718,25.0,17.5,5.5,2060.0,12
,719,25.0,19.0,1.6,820.0,5
,720,21.2,13.4,3.0,400.0,5
,721,20.5,13.0,2.8,300.0,5
,722,18.8,13.0,1.4,340.0,4
,723,24.0,16.1,3.6,730.0,5
,724,23.0,15.2,3.8,580.0,5
,725,19.6,16.5,1.0,140.0,3
,726,26.7,26.6,1.9,1250.0,16
,727,22.0,14.0,2.2,320.0,4
,728,22.8,15.4,3.0,440.0,5
,729,20.6,14.2,2.8,400.0,5
,730,18.8,12.8,2.2,260.0,4
,731,36.2,28.8,4.0,3800.0,19
,732,19.8,15.0,1.2,420.0,4
,733,26.2,24.0,2.4,700.0,9
,734,21.0,14.0,2.8,640.0,5
,735,19.8,11.8,2.4,240.0,4
,736,17.9,12.6,2.1,130.0,3
,737,20.8,14.6,2.2,380.0,4
,738,39.1,26.6,3.4,2480.0,18
,739,24.6,24.2,2.2,980.0,10
,740,19.0,17.2,2.0,500.0,5
,741,24.0,16.0,3.4,1440.0,11
,742,22.8,15.0,2.6,440.0,5
,743,23.1,15.2,4.5,720.0,6
,744,21.8,17.0,1.0,280.0,4
,745,21.2,14.0,2.2,299.0,4
,746,21.8,15.0,1.5,220.0,4
,747,18.0,14.4,1.6,200.0,3
,748,36.5,29.0,3.5,3440.0,19
,749,18.8,12.8,1.4,160.0,3
,750,21.4,14.0,1.8,200.0,3
,751,24.0,16.2,3.7,770.0,5
,752,21.8,14.0,2.3,420.0,4
,753,26.8,26.6,2.2,1260.0,16
,754,22.0,14.2,3.0,500.0,5
,755,29.8,23.0,0.8,420.0,4
,756,21.8,13.8,1.6,160.0,3
,757,31.8,25.8,2.4,1880.0,17
,758,22.8,15.0,3.0,480.0,5
,759,18.8,18.8,1.2,400.0,4
,760,27.0,21.4,2.8,1120.0,10
,761,17.6,12.4,2.0,180.0,3
,762,21.9,16.5,0.9,270.0,4
,763,18.0,14.4,3.0,480.0,5
,764,20.4,14.0,1.8,380.0,4
,765,20.4,14.0,1.4,140.0,3
,766,26.0,26.0,3.2,2080.0,18
,767,21.4,14.9,1.8,358.0,4
,768,23.9,19.9,1.7,390.0,4
,769,18.2,17.0,5.0,59.0,6
,770,20.6,20.6,1.4,340.0,4
,771,35.6,22.8,1.0,500.0,15
,772,24.8,24.7,1.8,590.0,9
,773,24.0,16.0,3.0,940.0,5
,774,23.4,20.0,4.2,1400.0,10
,775,20.2,15.2,5.0,540.0,6
,776,20.8,20.4,2.0,620.0,5
,777,20.5,14.0,2.0,340.0,4
,778,21.0,14.0,2.4,320.0,4
,779,23.8,16.0,3.0,760.0,5
,780,21.0,14.2,2.4,500.0,5
,781,19.6,13.0,2.4,260.0,4
,782,28.8,28.6,1.4,1200.0,16
,783,19.8,16.6,1.6,320.0,4
,784,21.4,14.9,1.8,358.0,4
,785,21.6,20.0,1.6,520.0,5
,786,21.8,14.2,1.8,440.0,4
,787,23.0,14.3,2.2,410.0,4
,788,28.5,21.6,1.2,430.0,4
,789,20.4,14.1,2.0,220.0,4
,790,15.5,15.5,1.5,340.0,4
,791,23.4,15.2,3.2,500.0,5
,792,19.0,13.0,3.8,560.0,5
,793,28.8,28.0,1.0,520.0,15
,794,21.4,21.2,2.6,740.0,5
,795,30.4,26.4,1.4,860.0,15
,796,23.0,18.0,2.2,620.0,5
,797,26.8,19.0,0.4,260.0,4
,798,20.2,13.8,2.2,420.0,4
,799,20.1,13.7,3.0,260.0,5
,800,20.0,12.5,2.0,400.0,4
,801,22.4,19.4,1.2,280.0,4
,802,25.6,21.3,3.2,1180.0,10
,803,22.2,19.2,1.8,499.0,5
,804,22.4,19.4,1.0,300.0,4
,805,20.7,14.1,1.8,390.0,4
,806,27.4,16.5,1.4,330.0,4
,807,27.4,20.8,1.6,500.0,5
,808,22.3,15.0,1.6,260.0,4
,809,27.1,20.5,1.3,410.0,4
,810,21.8,15.0,1.7,290.0,4
,811,19.2,13.0,1.8,322.0,4
,812,21.8,13.8,1.6,220.0,4
,813,22.0,14.0,1.8,160.0,3
,814,20.4,15.0,1.4,380.0,4
,815,24.1,17.2,1.4,410.0,4
,816,23.8,17.2,1.4,400.0,4
,817,20.2,14.0,1.8,240.0,4
,818,21.9,14.2,2.9,470.0,5
,819,19.2,13.4,1.8,390.0,4
,820,20.8,14.8,1.0,360.0,4
,821,21.4,13.4,1.6,200.0,3
,822,23.8,17.2,1.4,410.0,4
,823,21.4,14.9,1.9,358.0,4
,824,22.8,15.0,2.4,380.0,4
,825,26.1,19.6,1.7,720.0,5
,826,19.8,13.4,2.4,400.0,4
,827,21.0,14.0,4.0,821.0,5
,828,21.3,14.0,1.7,270.0,4
,829,26.0,19.2,1.4,480.0,5
,830,21.9,15.0,1.8,360.0,4
,831,21.8,14.0,1.8,260.0,4
,832,22.0,15.0,2.2,360.0,4
,833,29.4,21.8,1.8,760.0,5
,834,23.8,16.0,2.2,440.0,4
,835,29.0,21.2,1.8,780.0,5
,836,24.0,20.8,1.2,460.0,4
,837,25.6,22.2,3.4,1760.0,11
,838,35.6,26.6,1.2,740.0,15
,839,37.2,26.6,1.3,760.0,15
,840,23.6,18.4,2.4,620.0,5
,841,34.4,25.6,2.5,1040.0,16
,842,23.0,15.6,3.0,480.0,5
,843,22.1,21.9,1.7,690.0,5
,844,22.9,17.1,1.1,250.0,4
,845,18.8,12.4,1.8,240.0,4
,846,20.2,14.6,1.4,180.0,3
,847,24.6,19.0,1.4,440.0,4
,848,22.4,15.6,4.4,610.0,6
,849,23.4,16.0,3.8,620.0,5
,850,20.2,16.0,2.2,520.0,5
,851,28.7,24.0,2.4,1380.0,10
,852,28.2,24.6,3.0,1540.0,11
,853,25.4,21.2,3.2,1040.0,10
,854,23.8,15.8,3.4,660.0,5
,855,37.2,27.2,3.6,910.0,16
,856,27.0,26.5,9.0,602.0,15
,857,27.1,26.7,10.9,793.0,15
,858,32.5,27.0,6.2,780.0,15
,859,29.4,28.6,7.4,480.0,15
,861,23.4,15.5,3.6,870.0,5
,862,15.4,11.0,7.6,880.0,9
,863,27.0,18.0,1.2,200.0,3
,865,19.4,10.0,1.4,50.0,2
,867,16.0,6.9,4.0,270.0,5
,868,31.2,26.6,2.8,1900.0,17
,869,30.6,25.6,3.6,2760.0,18
,870,18.2,15.4,2.4,540.0,5
,871,24.8,19.8,2.4,960.0,5
,872,22.8,15.2,2.0,320.0,4
,873,23.4,19.6,2.2,900.0,5
,874,29.4,24.0,2.8,1778.0,11
,875,21.4,16.4,2.4,520.0,5
,876,30.7,25.4,2.3,1500.0,17
,877,27.2,21.6,2.0,900.0,5
,878,25.4,21.0,3.0,940.0,5
,879,22.4,22.4,2.7,880.0,5
,880,23.6,20.0,3.2,860.0,5
,881,29.6,24.6,2.6,1580.0,11
,882,17.2,10.7,2.4,181.0,3
,883,22.8,15.2,3.4,440.0,5
,884,27.2,27.0,3.2,1920.0,18
,885,30.8,26.0,2.8,2200.0,18
,886,24.8,19.4,2.4,910.0,5
,887,32.6,24.6,3.2,1560.0,11
,888,28.6,22.6,2.8,1560.0,11
,889,26.0,19.6,3.0,1140.0,10
,890,24.2,19.6,2.6,1060.0,10
,891,26.4,18.0,9.9,680.0,9
,892,20.8,15.0,1.6,460.0,4
,893,22.4,14.0,2.8,380.0,5
,894,23.0,17.2,3.2,800.0,5
,895,23.1,17.3,2.8,640.0,5
,896,21.0,21.0,2.6,400.0,5
,897,25.2,18.6,3.8,1380.0,10
,898,18.2,18.0,1.8,340.0,4
,899,18.8,14.4,2.8,280.0,5
,900,20.9,14.1,2.4,270.0,4
,901,22.6,15.2,3.6,720.0,5
,902,19.8,13.4,2.0,320.0,4
,903,18.8,13.4,3.2,399.0,5
,904,18.8,13.6,4.0,458.0,5
,905,27.4,21.2,2.0,1000.0,10
,906,18.6,18.6,3.6,420.0,5
,907,22.4,22.2,1.4,621.0,5
,908,27.0,23.8,3.0,120.0,7
,909,16.2,15.8,2.4,340.0,4
,910,27.4,23.2,1.2,500.0,9
,911,25.6,23.0,1.0,420.0,4
,912,25.6,19.0,3.3,1160.0,10
,913,21.2,15.8,3.4,640.0,5
,914,23.8,16.6,2.0,700.0,5
,915,21.9,15.1,2.3,390.0,4
,916,22.0,14.8,2.2,380.0,4
,917,23.0,15.4,1.8,400.0,4
,918,21.3,14.0,3.0,420.0,5
,919,21.8,12.8,1.8,320.0,4
,920,22.8,15.0,2.8,480.0,5
,921,20.6,15.9,2.4,530.0,5
,922,16.4,12.6,1.0,200.0,3
,923,19.2,15.8,3.2,522.0,5
,924,26.2,20.0,1.6,520.0,5
,925,32.8,23.2,0.6,440.0,9
,926,21.4,14.9,1.8,358.0,4
,927,28.4,21.8,1.8,920.0,5
,928,21.2,13.4,2.4,780.0,5
,929,23.8,15.8,2.4,481.0,5
,930,28.2,23.9,3.7,1530.0,11
,931,20.0,12.6,2.0,500.0,5
,932,21.8,15.8,2.2,700.0,5
,933,21.2,13.8,2.0,320.0,4
,934,37.4,24.6,1.0,621.0,15
,935,27.4,21.0,2.0,780.0,5
,936,21.1,15.5,2.5,620.0,5
,937,30.3,22.3,2.1,780.0,5
,938,18.8,14.0,1.4,259.0,4
,939,28.6,21.9,2.9,1700.0,11
,940,22.6,21.2,1.6,580.0,5
,941,28.0,21.2,1.2,600.0,5
,942,22.2,19.2,1.4,499.0,5
,943,23.8,16.2,2.6,640.0,5
,944,22.8,15.1,2.0,350.0,4
,945,25.8,18.3,2.5,910.0,5
,946,19.8,13.0,1.8,200.0,3
,947,23.2,16.7,2.8,717.0,5
,948,22.9,15.2,1.5,200.0,3
,949,25.6,21.0,2.0,920.0,5
,950,25.8,21.4,2.4,1080.0,10
,951,23.0,15.0,2.8,500.0,5
,952,21.6,13.8,2.0,260.0,4
,953,21.4,14.9,1.8,358.0,4
,954,27.4,21.4,2.0,780.0,5
,955,28.6,24.2,3.0,1940.0,12
,956,16.2,15.2,1.8,280.0,4
,957,28.6,22.4,2.2,1180.0,10
,958,21.8,15.0,1.8,400.0,4
,959,24.0,16.0,2.2,500.0,5
,960,25.8,20.4,3.4,1479.0,11
,961,16.6,14.0,2.6,600.0,5
,962,24.2,16.1,3.2,600.0,5
,963,23.8,15.6,2.4,481.0,5
,964,19.0,12.0,1.8,400.0,4
,965,21.8,14.0,2.2,340.0,4
,966,24.4,16.2,2.8,510.0,5
,967,23.0,15.4,3.4,620.0,5
,968,26.0,21.5,2.6,1060.0,10
,969,27.6,21.2,2.4,1020.0,10
,970,20.8,13.4,2.2,280.0,4
,971,27.4,21.4,2.0,800.0,5
,972,26.6,20.4,1.6,540.0,5
,973,22.8,15.8,1.6,340.0,4
,974,24.2,16.0,2.6,740.0,5
,975,24.8,21.0,2.2,580.0,5
,976,27.7,19.9,2.6,540.0,5
,977,21.4,14.0,2.2,320.0,4
,978,22.0,15.0,2.2,360.0,4
,979,22.8,15.0,2.4,380.0,4
,980,23.9,16.1,1.5,290.0,4
,981,28.6,22.4,1.2,900.0,5
,982,22.0,21.6,1.8,800.0,5
,983,27.5,21.0,1.8,660.0,5
,984,22.4,14.0,2.6,420.0,5
,985,23.0,16.0,2.6,620.0,5
,986,35.2,26.7,5.8,1220.0,16
,987,22.6,16.0,2.8,480.0,5
,988,23.7,19.3,2.7,600.0,5
,989,29.8,27.1,1.4,860.0,15
,990,22.6,19.8,1.2,420.0,4
,991,28.8,24.0,2.2,1360.0,10
,992,28.5,22.1,2.6,1610.0,11
,993,28.6,21.3,1.4,690.0,5
,994,19.8,13.0,1.6,140.0,3
,995,23.6,16.0,2.6,500.0,5
,996,23.6,21.4,2.4,480.0,5
,997,24.8,19.2,1.0,340.0,4
,998,22.4,14.0,2.4,381.0,4
,999,25.8,21.4,2.6,1000.0,10
,1000,20.4,13.0,3.6,420.0,5
,1001,21.0,14.4,2.2,480.0,5
,1002,19.8,13.0,2.0,240.0,4
,1003,25.6,21.2,2.2,1060.0,10
,1004,20.4,13.0,3.8,420.0,5
,1005,30.6,21.6,1.8,680.0,5
,1006,23.9,21.1,2.4,890.0,5
,1007,22.9,15.5,2.3,380.0,4
,1008,22.6,14.4,3.4,820.0,5
,1009,21.4,14.9,1.8,358.0,4
,1010,29.4,29.2,1.2,560.0,15
,1011,21.8,15.0,2.2,380.0,4
,1012,22.8,16.8,1.8,380.0,4
,1013,22.4,14.2,4.0,600.0,5
,1014,23.2,20.0,1.4,500.0,5
,1015,28.7,20.6,2.2,980.0,10
,1016,21.6,15.0,3.4,740.0,5
,1017,23.0,20.0,1.5,420.0,4
,1018,33.8,26.0,3.0,1940.0,18
,1019,24.0,17.0,3.0,640.0,5
,1020,18.8,13.4,3.0,400.0,5
,1021,22.8,15.2,2.8,400.0,5
,1022,22.8,17.4,2.8,921.0,5
,1023,22.1,15.0,1.4,360.0,4
,1024,22.2,19.4,1.2,360.0,4
,1025,34.2,26.8,1.4,880.0,15
,1026,25.6,23.6,4.8,2820.0,12
,1027,22.6,18.6,3.0,940.0,5
,1028,22.8,18.8,2.2,798.0,5
,1029,33.3,22.9,2.0,1542.0,11
,1030,22.8,17.0,2.4,700.0,5
,1031,26.8,26.8,2.4,1500.0,17
,1032,26.2,18.0,1.8,400.0,4
,1033,26.2,21.0,0.8,1402.0,11
,1034,24.0,15.8,1.2,280.0,4
,1035,23.4,19.6,4.0,1220.0,10
,1036,32.6,24.0,2.8,2120.0,12
,1037,28.2,22.0,3.2,1800.0,11
,1038,22.8,17.0,1.8,480.0,5
,1039,21.8,13.7,1.5,280.0,4
,1040,21.8,16.0,2.4,520.0,5
,1041,25.6,17.4,1.8,340.0,4
,1042,22.4,14.6,3.6,480.0,5
,1043,33.2,28.4,2.6,2420.0,18
,1044,22.8,15.2,4.2,640.0,6
,1045,21.0,14.4,2.6,360.0,5
,1046,22.2,14.0,2.6,440.0,5
,1047,34.0,26.2,2.8,1880.0,17
,1048,15.8,11.8,2.6,222.0,5
,1049,22.8,17.0,2.0,540.0,5
,1050,27.4,21.0,2.6,1100.0,10
,1051,23.6,16.0,1.6,762.0,5
,1052,28.6,23.4,2.4,1470.0,11
,1053,33.7,25.7,2.9,2180.0,18
,1054,20.0,15.4,1.4,280.0,4
,1055,28.8,26.2,3.8,2140.0,18
,1056,30.4,22.8,3.4,1980.0,12
,1057,28.8,21.9,2.4,1470.0,11
,1058,25.8,20.8,2.0,780.0,5
,1059,23.6,19.6,2.4,780.0,5
,1060,31.4,29.8,2.6,2300.0,18
,1061,20.9,20.9,2.0,270.0,4
,1062,28.5,28.1,3.5,1760.0,17
,1063,27.6,25.3,1.2,680.0,15
,1064,29.4,22.6,5.4,860.0,6
,1065,23.0,15.4,3.0,480.0,5
,1066,23.2,16.7,2.8,717.0,5
,1067,29.5,23.1,2.4,1650.0,11
,1068,26.2,17.8,1.8,480.0,5
,1069,28.2,24.4,1.0,460.0,9
,1070,33.6,25.6,3.0,2040.0,18
,1071,32.2,24.4,2.2,1400.0,10
,1072,26.5,21.1,3.4,1110.0,10
,1073,23.8,16.8,1.6,440.0,4
,1074,35.4,21.6,0.8,440.0,15
,1075,29.0,23.6,1.8,640.0,9
,1076,20.2,14.0,2.2,299.0,4
,1077,28.9,28.7,1.7,1190.0,16
,1078,21.8,21.0,1.8,720.0,5
,1079,21.0,13.6,3.4,740.0,5
,1080,25.0,21.6,2.0,760.0,5
,1081,23.0,19.0,3.6,1000.0,10
,1082,25.5,25.3,1.9,1040.0,16
,1083,28.4,23.1,2.0,940.0,10
,1084,21.8,17.0,3.2,1100.0,10
,1085,22.8,19.0,2.8,820.0,5
,1086,32.2,27.6,2.6,1000.0,16
,1087,22.8,19.0,4.4,1140.0,10
,1088,28.6,22.0,2.9,1880.0,11
,1089,20.4,13.0,2.3,280.0,4
,1090,20.8,14.0,2.8,400.0,5
,1091,28.6,21.8,3.0,1440.0,11
,1092,14.0,13.8,4.0,259.0,5
,1093,22.4,19.6,1.4,420.0,4
,1094,26.6,25.0,12.2,1500.0,17
,1095,22.2,19.6,1.4,360.0,4
,1096,30.4,23.0,2.6,1840.0,11
,1097,25.4,20.0,1.4,520.0,5
,1098,27.6,20.8,2.6,1040.0,10
,1099,25.8,20.0,1.0,520.0,5
,1100,22.4,14.0,2.6,380.0,5
,1101,22.8,18.8,2.4,640.0,5
,1102,20.4,19.8,1.8,720.0,5
,1103,22.8,18.8,2.0,680.0,5
,1104,29.8,26.2,2.8,1820.0,17
,1105,23.8,15.4,3.2,560.0,5
,1106,14.2,10.4,3.4,581.0,5
,1107,20.0,14.8,2.4,460.0,4
,1108,27.8,25.8,2.4,1280.0,16
,1109,25.4,22.0,4.6,1880.0,11
,1110,22.2,22.0,6.2,700.0,9
,1111,22.8,15.0,2.8,320.0,5
,1112,23.4,23.4,6.6,720.0,9
,1113,20.4,20.0,1.8,740.0,5
,1114,20.8,13.0,2.8,300.0,5
,1115,25.2,20.2,1.6,480.0,5
,1116,25.8,20.8,2.2,821.0,5
,1117,21.4,13.2,2.2,240.0,4
,1118,21.6,20.8,2.8,360.0,5
,1119,22.4,19.4,1.4,499.0,5
,1120,25.8,20.8,2.4,940.0,5
,1121,30.6,17.4,2.6,1060.0,10
,1122,21.0,14.0,3.0,440.0,5
,1123,24.1,17.3,2.3,580.0,5
,1124,30.4,24.2,1.2,820.0,9
,1125,27.4,21.2,2.2,980.0,10
,1126,21.8,16.8,3.0,1100.0,10
,1127,21.8,17.0,2.4,980.0,10
,1128,28.4,23.8,1.8,1060.0,10
,1129,30.2,24.8,3.6,1440.0,11
,1130,12.4,9.2,7.0,432.0,9
,1131,32.6,29.4,13.0,880.0,15
,1133,27.9,26.3,8.3,650.0,15
,1134,23.8,22.2,13.2,760.0,15
,1135,16.3,11.4,4.0,70.0,5
,1136,17.8,12.8,11.2,200.0,8
,1139,44.8,34.2,9.6,1380.0,25
,1140,26.8,26.5,10.2,670.0,15
,1141,14.8,10.6,7.4,820.0,9
,1142,16.8,7.8,4.0,320.0,5
,1143,16.2,7.8,2.6,340.0,5
,1144,21.2,8.4,8.2,900.0,9
,1145,19.0,4.8,0.8,180.0,3
,1146,31.2,25.2,2.2,1680.0,17
,1147,35.2,26.4,1.6,1000.0,16
,1148,28.2,23.4,1.8,1120.0,10
,1149,28.8,21.8,2.0,820.0,5
,1150,28.0,23.4,5.0,500.0,9
,1151,28.4,22.0,3.8,2180.0,12
,1152,28.6,21.6,3.4,1960.0,12
,1153,23.4,19.8,2.0,660.0,5
,1154,26.7,20.3,1.8,760.0,5
,1155,31.2,24.0,3.0,1200.0,10
,1156,15.3,12.4,9.0,620.0,9
,1157,22.8,17.3,1.9,420.0,4
,1158,32.1,26.2,2.2,1580.0,17
,1159,20.8,14.2,1.8,320.0,4
,1160,20.8,18.4,1.6,380.0,4
,1161,31.6,24.8,3.0,2118.0,12
,1162,21.4,14.9,1.8,358.0,4
,1163,22.4,22.0,2.6,700.0,5
,1164,28.6,22.6,1.4,760.0,5
,1165,21.8,15.0,3.2,460.0,5
,1166,19.8,15.0,2.6,380.0,5
,1167,21.6,14.8,2.2,260.0,4
,1168,26.6,20.8,1.6,740.0,5
,1169,29.0,23.2,1.8,900.0,9
,1170,20.8,14.2,1.8,340.0,4
,1171,28.2,23.6,2.2,1300.0,10
,1172,23.0,18.0,2.2,540.0,5
,1173,20.4,14.0,2.6,500.0,5
,1174,31.6,26.6,1.2,660.0,15
,1175,23.0,15.4,2.4,420.0,4
,1176,22.8,15.4,1.8,320.0,4
,1177,22.9,15.4,2.4,450.0,4
,1178,22.9,15.5,3.0,580.0,5
,1179,22.9,15.6,3.4,680.0,5
,1180,20.8,14.4,1.4,340.0,4
,1181,20.0,16.4,2.8,680.0,5
,1182,14.2,10.4,3.6,181.0,5
,1183,25.5,21.0,3.0,680.0,5
,1184,20.2,14.8,2.6,440.0,5
,1185,20.8,13.8,2.2,140.0,3
,1186,22.4,14.0,2.2,320.0,4
,1187,15.6,15.2,4.0,680.0,5
,1188,23.2,18.6,1.8,680.0,5
,1189,23.2,18.8,1.8,620.0,5
,1190,22.9,16.0,3.6,580.0,5
,1191,23.2,18.2,1.8,660.0,5
,1192,19.9,15.1,1.6,280.0,4
,1193,20.8,13.8,2.6,380.0,5
,1194,25.1,19.3,1.8,720.0,5
,1195,23.8,17.0,1.6,580.0,5
,1196,23.9,16.3,3.4,700.0,5
,1197,21.8,15.0,2.5,380.0,4
,1198,25.9,19.7,2.6,1320.0,10
,1199,17.9,14.5,2.4,480.0,5
,1200,23.8,15.8,2.2,300.0,4
,1201,21.2,14.0,2.0,220.0,4
,1202,20.8,14.0,1.6,200.0,3
,1203,18.0,14.8,2.4,358.0,4
,1204,23.9,16.0,2.6,550.0,5
,1205,26.0,19.8,2.2,960.0,5
,1206,21.9,15.1,3.2,550.0,5
,1207,25.0,15.8,2.2,1402.0,11
,1208,21.8,15.0,1.6,280.0,4
,1209,21.0,14.8,2.6,400.0,5
,1210,21.8,15.0,2.6,440.0,5
,1211,23.8,15.4,2.6,540.0,5
,1212,24.0,16.0,2.2,620.0,5
,1213,21.8,15.0,2.4,600.0,5
,1214,24.0,16.0,1.9,381.0,4
,1215,22.8,17.0,1.7,330.0,4
,1216,30.6,30.4,2.8,1720.0,17
,1217,22.8,15.0,2.2,400.0,4
,1218,21.8,14.8,2.0,260.0,4
,1219,24.0,16.0,2.2,420.0,4
,1220,20.8,16.0,2.6,660.0,5
,1221,23.6,16.2,2.6,480.0,5
,1222,24.0,19.0,5.6,1760.0,11
,1223,19.0,19.0,2.2,440.0,4
,1224,26.2,20.1,1.4,530.0,5
,1225,25.8,20.0,1.4,540.0,5
,1226,25.6,20.1,1.5,460.0,4
,1227,22.8,19.0,2.8,800.0,5
,1228,25.8,19.6,1.4,480.0,5
,1229,26.1,20.0,1.4,540.0,5
,1230,23.4,19.0,2.6,1200.0,10
,1231,23.1,19.1,2.3,1000.0,10
,1232,27.4,21.0,2.8,780.0,5
,1233,25.8,19.6,1.4,560.0,5
,1234,25.8,19.4,1.4,540.0,5
,1235,18.8,13.2,1.8,380.0,4
,1236,18.8,13.0,1.6,300.0,4
,1237,23.0,19.0,2.2,1080.0,10
,1238,26.4,20.0,1.4,560.0,5
,1239,29.2,24.4,2.3,1620.0,11
,1240,26.1,19.5,2.3,1080.0,10
,1241,26.4,19.8,2.0,980.0,10
,1242,31.6,24.6,3.4,2450.0,12
,1243,25.4,19.0,1.8,740.0,5
,1244,29.2,24.4,2.2,1380.0,10
,1245,20.2,13.6,2.0,300.0,4
,1246,27.2,23.6,1.8,880.0,9
,1247,28.4,23.7,1.9,1170.0,10
,1248,23.8,16.8,2.2,640.0,5
,1249,26.1,19.8,2.9,1330.0,10
,1250,24.8,19.0,2.0,840.0,5
,1251,26.1,19.7,1.9,710.0,5
,1252,29.2,22.8,3.6,2280.0,12
,1253,25.4,19.2,1.2,540.0,5
,1254,26.4,19.8,2.4,900.0,5
,1255,22.6,22.5,1.7,850.0,5
,1256,26.0,19.6,2.6,1040.0,10
,1257,26.0,19.6,1.7,840.0,5
,1258,23.2,16.7,2.8,717.0,5
,1259,25.6,18.4,1.8,760.0,5
,1260,25.8,16.0,1.6,840.0,5
,1261,25.8,19.2,2.6,699.0,5
,1262,26.4,19.2,2.2,820.0,5
,1263,26.0,19.6,2.2,1060.0,10
,1264,28.6,24.0,1.6,1400.0,10
,1265,29.3,25.3,2.4,1620.0,17
,1266,28.2,22.1,1.8,1300.0,10
,1267,29.6,22.6,2.2,1240.0,10
,1268,29.1,24.7,2.4,1580.0,11
,1269,29.2,22.8,2.4,1400.0,10
,1270,27.7,21.1,2.4,1240.0,10
,1271,31.6,24.4,2.8,2100.0,12
,1272,32.6,31.0,3.0,2800.0,18
,1273,29.4,23.0,2.0,920.0,5
,1274,24.2,17.4,1.8,560.0,5
,1275,21.9,17.3,1.9,510.0,5
,1276,20.5,13.7,2.1,280.0,4
,1277,20.0,15.0,2.6,340.0,5
,1278,26.1,19.5,2.1,830.0,5
,1279,28.4,21.8,2.4,1361.0,10
,1280,29.2,24.4,2.7,1730.0,11
,1281,22.0,14.3,3.2,140.0,5
,1282,21.8,14.2,2.0,240.0,4
,1283,29.8,23.6,1.6,900.0,9
,1284,29.4,24.8,1.0,560.0,9
,1285,22.0,16.8,2.6,660.0,5
,1286,28.0,22.8,1.6,780.0,5
,1287,20.8,14.0,3.6,540.0,5
,1288,21.0,13.8,3.2,558.0,5
,1289,33.0,27.4,1.4,1000.0,16
,1290,28.6,21.8,3.0,1760.0,11
,1291,23.0,18.0,8.7,2220.0,12
,1292,28.0,22.4,1.4,440.0,4
,1293,27.8,21.6,2.2,1460.0,11
,1294,27.6,21.2,1.8,1140.0,10
,1295,29.4,23.2,2.4,1360.0,10
,1296,28.4,23.6,2.2,1300.0,10
,1297,28.7,21.6,2.8,1580.0,11
,1298,29.2,23.6,1.6,1000.0,10
,1299,23.2,17.8,2.8,920.0,5
,1300,21.2,15.6,2.0,500.0,5
,1301,24.2,17.8,2.0,480.0,5
,1302,25.8,25.6,2.2,1360.0,16
,1303,29.6,29.6,2.4,1920.0,18
,1304,32.4,25.6,3.0,1960.0,18
,1305,28.8,23.4,2.6,1440.0,11
,1306,29.6,21.2,2.4,1340.0,10
,1307,24.8,20.4,2.4,950.0,5
,1308,22.2,21.8,2.6,700.0,5
,1309,22.5,22.4,2.2,670.0,5
,1310,22.4,22.0,2.4,700.0,5
,1311,23.0,22.6,2.4,700.0,5
,1312,23.0,23.0,2.5,680.0,5
,1313,23.2,15.2,1.4,340.0,4
,1314,23.4,15.4,1.2,240.0,4
,1315,22.0,18.4,1.8,420.0,4
,1316,24.1,18.0,2.3,640.0,5
,1317,25.6,18.2,1.6,500.0,5
,1318,30.2,24.4,2.3,1240.0,10
,1319,21.6,21.4,2.8,740.0,5
,1320,24.8,23.5,1.4,490.0,9
,1321,29.5,26.2,1.4,810.0,15
,1322,29.0,25.9,1.3,800.0,15
,1323,31.4,24.0,1.0,560.0,9
,1324,25.8,19.2,1.4,480.0,5
,1325,27.7,19.5,1.9,600.0,5
,1326,17.6,12.4,1.4,120.0,3
,1327,20.8,11.4,1.6,60.0,2
,1328,21.0,14.6,3.2,558.0,5
,1329,23.4,17.0,1.0,360.0,4
,1330,23.1,17.2,3.1,380.0,5
,1331,22.2,16.2,3.2,860.0,5
,1332,22.2,22.0,2.4,680.0,5
,1333,18.8,12.4,1.8,180.0,3
,1334,18.2,13.0,2.2,220.0,4
,1335,21.6,14.0,1.8,320.0,4
,1336,21.8,14.8,1.4,200.0,3
,1337,23.6,21.4,2.8,660.0,5
,1338,22.8,19.0,2.4,860.0,5
,1339,20.2,13.8,1.6,260.0,4
,1340,23.7,23.4,1.1,380.0,8
,1341,28.2,21.8,3.3,1400.0,10
,1342,24.2,18.2,1.6,340.0,4
,1343,22.2,19.6,1.2,280.0,4
,1344,22.2,19.0,1.6,460.0,4
,1345,28.8,24.0,2.2,1160.0,10
,1346,24.8,17.0,2.4,760.0,5
,1347,23.2,19.4,2.0,790.0,5
,1348,27.8,21.4,1.6,762.0,5
,1349,27.2,26.7,3.8,660.0,15
,1350,25.2,18.8,2.8,900.0,5
,1351,22.2,19.2,1.2,340.0,4
,1352,24.8,19.2,2.2,440.0,4
,1353,22.8,20.0,1.6,450.0,4
,1354,20.6,13.8,3.0,400.0,5
,1355,17.8,10.8,1.8,159.0,3
,1356,17.6,10.6,2.0,160.0,3
,1357,18.0,10.8,3.6,300.0,5
,1358,17.6,10.6,2.2,180.0,3
,1359,17.6,10.6,2.2,160.0,3
,1360,17.8,10.8,3.4,280.0,5
,1361,17.6,10.8,2.0,160.0,3
,1362,17.6,10.6,1.4,140.0,3
,1363,17.8,10.8,2.4,222.0,4
,1364,21.4,14.9,1.8,358.0,4
,1365,17.6,11.0,2.8,230.0,5
,1366,17.2,10.7,2.4,181.0,3
,1367,17.6,10.8,1.6,20.0,2
,1368,17.6,10.8,2.4,220.0,4
,1369,17.4,10.6,1.8,120.0,3
,1370,17.5,10.8,2.1,240.0,4
,1371,17.8,10.8,2.4,180.0,3
,1372,18.0,10.7,2.0,138.0,3
,1373,17.6,9.6,2.2,200.0,3
,1374,17.4,10.6,2.6,240.0,5
,1375,17.8,10.8,2.2,100.0,3
,1376,25.2,19.8,1.8,620.0,5
,1377,26.0,18.8,2.0,1070.0,10
,1378,22.8,15.0,3.4,840.0,5
,1379,22.8,15.0,2.0,500.0,5
,1380,22.8,15.0,2.6,680.0,5
,1381,22.8,15.0,3.0,540.0,5
,1382,21.8,13.8,2.0,280.0,4
,1383,23.0,15.1,1.2,360.0,4
,1384,20.4,14.0,1.2,160.0,3
,1385,22.0,14.0,1.0,180.0,3
,1386,21.8,13.8,2.0,320.0,4
,1387,22.9,15.0,3.6,600.0,5
,1388,22.8,15.0,3.0,560.0,5
,1389,23.0,15.0,2.8,460.0,5
,1390,22.8,15.0,2.8,500.0,5
,1391,21.8,14.0,2.2,360.0,4
,1392,22.8,15.0,3.0,880.0,5
,1393,22.9,15.1,2.8,530.0,5
,1394,22.8,14.8,3.6,640.0,5
,1395,22.8,15.0,2.4,340.0,4
,1396,22.8,15.0,3.0,460.0,5
,1397,29.6,20.8,0.4,320.0,4
,1398,22.1,15.0,2.3,460.0,4
,1399,23.0,16.6,1.8,180.0,3
,1400,21.5,14.0,1.8,320.0,4
,1401,20.6,13.8,3.4,420.0,5
,1402,20.8,15.0,2.8,320.0,5
,1403,18.0,12.4,2.0,180.0,3
,1404,22.4,14.0,3.0,280.0,5
,1405,21.2,14.0,2.4,340.0,4
,1406,21.0,14.0,1.9,320.0,4
,1407,22.8,15.0,3.0,500.0,5
,1408,21.8,15.0,2.4,358.0,4
,1409,22.9,15.1,2.0,330.0,4
,1410,20.8,15.0,1.4,120.0,3
,1411,22.9,15.0,2.0,300.0,4
,1412,20.9,14.9,1.7,280.0,4
,1413,21.2,16.0,3.8,520.0,5
,1414,19.8,15.0,1.6,320.0,4
,1415,23.4,18.6,4.2,1180.0,10
,1416,22.8,16.0,2.4,460.0,4
,1417,19.8,14.8,1.6,220.0,4
,1418,23.2,16.0,1.8,440.0,4
,1419,22.5,15.1,1.9,330.0,4
,1420,23.2,15.2,2.6,360.0,5
,1421,19.8,14.8,1.8,260.0,4
,1422,19.8,15.0,1.2,160.0,3
,1423,22.0,14.0,2.2,360.0,4
,1424,19.8,15.0,1.4,240.0,4
,1425,21.8,17.0,2.0,420.0,4
,1426,16.8,15.0,1.8,200.0,3
,1427,22.8,15.8,3.2,360.0,5
,1428,24.0,16.1,4.1,800.0,6
,1429,22.4,15.0,2.6,540.0,5
,1430,21.3,14.0,1.9,370.0,4
,1431,23.0,16.0,3.4,599.0,5
,1432,21.8,14.8,2.4,420.0,4
,1433,19.0,12.0,2.4,360.0,4
,1434,17.7,10.8,2.1,540.0,5
,1435,20.8,13.8,2.4,320.0,4
,1436,23.8,16.0,4.0,660.0,5
,1437,21.2,13.8,2.4,300.0,4
,1438,21.8,13.8,2.2,322.0,4
,1439,19.8,14.2,1.3,220.0,4
,1440,17.6,10.8,2.4,180.0,3
,1441,17.8,10.8,2.6,200.0,5
,1442,17.6,10.8,3.2,320.0,5
,1443,17.6,10.8,3.6,500.0,5
,1444,21.4,14.9,1.8,358.0,4
,1445,17.6,10.6,3.6,360.0,5
,1446,17.6,10.8,2.0,160.0,3
,1447,17.6,10.8,1.8,120.0,3
,1448,17.8,10.6,3.8,299.0,5
,1449,18.0,11.0,3.5,320.0,5
,1450,17.8,10.6,4.2,360.0,6
,1451,17.8,10.8,1.8,181.0,3
,1452,17.6,10.8,3.0,280.0,5
,1453,17.6,10.6,1.2,10.0,2
,1454,17.8,10.7,4.1,340.0,6
,1455,17.8,10.8,4.0,320.0,5
,1456,17.6,10.6,1.4,80.0,3
,1457,22.0,14.2,2.0,300.0,4
,1458,21.0,16.1,1.7,650.0,5
,1459,22.8,15.0,3.2,500.0,5
,1460,22.8,14.8,2.4,380.0,4
,1461,22.9,15.0,3.1,480.0,5
,1462,21.6,14.0,1.8,280.0,4
,1463,21.8,13.8,2.4,358.0,4
,1464,22.8,15.0,3.2,520.0,5
,1465,21.8,14.0,1.8,260.0,4
,1466,21.8,14.0,2.0,280.0,4
,1467,22.8,15.0,2.6,500.0,5
,1468,22.8,15.0,3.0,540.0,5
,1469,22.8,15.1,1.5,210.0,3
,1470,22.8,15.0,3.0,500.0,5
,1471,21.8,13.8,1.6,260.0,4
,1472,24.0,17.0,3.4,1100.0,10
,1473,23.9,17.2,3.9,840.0,5
,1474,21.8,13.8,2.4,380.0,4
,1475,27.8,21.4,1.2,520.0,5
,1476,18.8,13.2,1.2,220.0,4
,1477,18.6,9.8,2.2,180.0,3
,1478,22.2,19.6,2.2,760.0,5
,1479,21.8,19.4,0.6,240.0,4
,1480,18.0,12.4,1.8,180.0,3
,1481,19.8,15.2,1.6,300.0,4
,1482,20.8,14.0,2.8,400.0,5
,1483,27.2,20.8,1.2,340.0,4
,1484,18.4,13.4,1.6,159.0,3
,1485,14.2,10.8,4.2,400.0,6
,1486,16.4,10.4,1.6,200.0,3
,1487,20.1,15.0,1.8,420.0,4
,1488,17.2,17.2,1.0,280.0,4
,1489,18.8,12.8,1.6,280.0,4
,1490,21.8,16.0,3.8,980.0,10
,1491,18.2,12.6,1.4,220.0,4
,1492,19.2,17.4,0.8,160.0,3
,1493,19.6,17.4,0.8,200.0,3
,1494,22.5,17.0,2.2,520.0,5
,1495,19.2,13.6,2.8,300.0,5
,1496,20.0,13.2,2.6,320.0,5
,1497,20.6,15.0,1.4,320.0,4
,1498,22.4,14.4,2.6,381.0,5
,1499,22.4,21.6,1.0,260.0,4
,1500,16.4,10.4,2.0,220.0,4
,1501,17.2,11.8,1.8,260.0,4
,1502,9.6,9.4,9.2,340.0,8
,1503,23.0,15.2,3.6,898.0,5
,1504,19.8,13.8,2.2,320.0,4
,1505,17.8,12.4,1.6,160.0,3
,1506,18.8,13.0,1.2,160.0,3
,1507,18.8,13.0,1.4,259.0,4
,1508,20.8,14.3,2.2,220.0,4
,1509,21.8,14.4,1.8,200.0,3
,1510,22.4,14.0,4.2,560.0,6
,1511,20.2,14.0,2.0,440.0,4
,1512,23.4,15.4,3.8,760.0,5
,1513,28.6,20.8,1.0,340.0,4
,1514,25.8,19.0,1.0,320.0,4
,1515,17.8,13.4,1.2,159.0,3
,1516,21.4,13.6,2.2,299.0,4
,1517,27.0,21.0,1.0,420.0,4
,1518,23.2,18.4,1.8,560.0,5
,1519,23.2,18.6,1.6,580.0,5
,1520,23.7,18.7,1.7,540.0,5
,1521,23.0,18.0,1.8,700.0,5
,1522,22.0,21.0,1.0,240.0,4
,1523,19.8,13.6,2.2,220.0,4
,1524,15.0,15.0,2.0,240.0,4
,1525,19.8,13.4,2.8,340.0,5
,1526,22.4,14.4,2.6,520.0,5
,1527,23.8,16.0,3.0,520.0,5
,1528,20.4,14.0,2.6,360.0,5
,1529,24.6,19.0,1.6,560.0,5
,1530,19.8,13.4,1.8,220.0,4
,1531,26.3,20.2,2.4,1130.0,10
,1532,24.8,19.9,2.6,940.0,5
,1533,23.8,15.4,3.4,560.0,5
,1534,23.8,15.2,2.8,720.0,5
,1535,25.2,19.2,1.4,620.0,5
,1536,23.2,18.4,2.0,780.0,5
,1537,23.2,16.7,2.8,717.0,5
,1538,23.5,18.4,1.8,660.0,5
,1539,21.2,14.8,1.8,420.0,4
,1540,22.8,18.4,1.8,680.0,5
,1541,23.2,18.6,1.8,700.0,5
,1542,19.8,13.4,2.0,460.0,4
,1543,22.7,17.0,1.9,570.0,5
,1544,23.9,15.5,1.0,340.0,4
,1545,25.8,19.2,1.8,880.0,5
,1546,23.8,15.4,3.4,580.0,5
,1547,27.5,20.0,4.0,140.0,5
,1548,23.8,15.2,3.2,800.0,5
,1549,22.8,20.6,0.8,300.0,4
,1550,18.8,13.4,1.6,200.0,3
,1551,22.2,21.9,1.7,510.0,5
,1552,15.0,15.0,1.2,220.0,4
,1553,22.4,14.4,3.0,320.0,5
,1554,20.4,14.4,2.8,380.0,5
,1555,23.4,17.6,1.0,300.0,4
,1556,25.3,19.5,1.4,620.0,5
,1557,22.0,14.5,2.4,530.0,5
,1558,25.4,19.6,1.8,740.0,5
,1559,25.2,19.6,1.4,620.0,5
,1560,27.6,21.0,1.2,480.0,5
,1561,19.8,19.0,1.2,420.0,4
,1562,29.5,20.3,1.2,590.0,5
,1563,22.0,21.8,1.1,370.0,4
,1564,23.8,15.8,2.2,380.0,4
,1565,20.8,16.0,1.4,340.0,4
,1566,23.8,18.8,1.6,580.0,5
,1567,24.0,16.0,3.4,700.0,5
,1568,20.8,16.4,2.2,420.0,4
,1569,23.4,15.2,2.0,600.0,5
,1570,37.8,29.0,2.0,1080.0,16
,1571,25.4,19.2,1.4,600.0,5
,1572,25.2,19.4,1.4,620.0,5
,1573,22.8,20.6,0.8,300.0,4
,1574,28.8,19.4,1.8,740.0,5
,1575,29.2,19.6,1.4,640.0,5
,1576,23.2,18.4,1.8,620.0,5
,1577,23.7,18.6,1.9,620.0,5
,1578,23.2,18.2,2.0,800.0,5
,1579,23.5,18.7,1.7,630.0,5
,1580,23.2,18.2,1.8,721.0,5
,1581,19.3,18.8,0.8,240.0,4
,1582,19.4,18.6,0.8,220.0,4
,1583,19.8,13.4,2.0,360.0,4
,1584,20.0,13.6,2.0,360.0,4
,1585,20.1,16.0,1.5,310.0,4
,1586,23.2,19.4,3.0,780.0,5
,1587,23.2,18.2,1.8,640.0,5
,1588,23.2,18.4,1.8,399.0,4
,1589,27.0,21.4,1.2,500.0,5
,1590,19.8,13.6,2.2,240.0,4
,1591,15.2,15.2,3.8,220.0,5
,1592,27.6,21.6,1.7,940.0,5
,1593,19.8,13.4,1.6,300.0,4
,1594,23.0,18.2,1.2,460.0,4
,1595,20.8,20.8,2.0,740.0,5
,1596,23.2,19.7,2.1,730.0,5
,1597,20.0,15.4,1.0,140.0,3
,1598,20.2,13.8,2.2,200.0,3
,1599,25.8,18.8,1.4,280.0,4
,1600,25.1,18.0,1.3,320.0,4
,1601,32.0,23.8,1.2,1140.0,10
,1602,20.6,17.0,1.4,440.0,4
,1603,21.0,16.7,1.0,160.0,3
,1604,17.6,12.2,2.4,220.0,4
,1605,19.8,13.6,2.0,260.0,4
,1606,20.8,16.2,0.6,160.0,3
,1607,18.8,13.8,2.6,440.0,5
,1608,19.0,14.6,1.8,160.0,3
,1610,17.8,11.8,1.6,160.0,3
,1611,17.5,11.9,2.5,280.0,4
,1612,17.8,12.4,2.6,260.0,5
,1613,22.6,16.4,1.4,380.0,4
,1614,19.8,16.0,2.8,340.0,5
,1615,20.9,14.0,1.4,360.0,4
,1616,21.8,17.2,2.0,520.0,5
,1617,23.8,16.0,2.2,400.0,4
,1618,22.0,15.8,1.5,480.0,5
,1619,23.0,14.8,1.2,260.0,4
,1620,25.3,19.5,1.4,620.0,5
,1621,21.4,14.0,1.6,270.0,4
,1622,21.9,14.6,2.1,320.0,4
,1623,21.4,14.9,1.8,358.0,4
,1624,20.8,13.4,2.6,358.0,5
,1625,22.9,15.1,2.4,420.0,4
,1626,20.8,15.2,1.2,220.0,4
,1627,22.7,19.8,2.1,410.0,4
,1628,18.8,18.4,1.6,458.0,4
,1629,23.2,16.8,2.8,939.0,5
,1630,17.8,12.0,2.4,299.0,4
,1631,22.8,15.1,2.2,550.0,5
,1632,19.4,12.0,1.6,181.0,3
,1633,21.8,15.0,1.8,300.0,4
,1634,22.8,15.0,2.0,820.0,5
,1635,19.5,12.0,1.4,160.0,3
,1636,18.6,12.6,0.6,80.0,1
,1637,23.2,19.2,1.8,600.0,5
,1638,19.2,14.6,1.2,259.0,4
,1639,25.4,17.8,4.4,1320.0,10
,1640,35.2,24.8,0.8,380.0,14
,1641,20.8,16.5,2.3,560.0,5
,1642,25.8,20.0,1.2,400.0,4
,1643,23.8,21.0,1.4,460.0,4
,1644,24.0,17.0,1.6,440.0,4
,1645,24.0,17.1,1.7,530.0,5
,1646,26.6,20.2,2.0,820.0,5
,1647,26.6,20.2,2.0,820.0,5
,1648,26.8,20.2,1.8,800.0,5
,1649,21.8,14.2,3.0,500.0,5
,1650,24.0,17.0,5.0,1820.0,11
,1651,25.8,19.7,1.9,730.0,5
,1652,21.9,14.6,1.9,330.0,4
,1653,21.8,13.8,2.0,270.0,4
,1654,22.0,14.0,4.0,600.0,5
,1655,23.8,17.0,2.2,700.0,5
,1656,21.4,16.2,2.1,550.0,5
,1657,21.8,14.0,1.8,280.0,4
,1658,23.8,16.8,1.8,480.0,5
,1659,23.8,20.4,1.6,700.0,5
,1660,24.0,16.9,1.4,240.0,4
,1661,24.0,16.8,2.2,780.0,5
,1662,18.6,14.0,1.2,300.0,4
,1663,23.8,17.0,2.8,680.0,5
,1664,23.8,18.2,0.8,481.0,5
,1665,11.4,10.0,1.4,18.0,2
,1666,22.8,17.4,2.4,560.0,5
,1667,18.0,12.0,2.0,200.0,3
,1668,22.4,14.0,2.6,420.0,5
,1669,21.0,13.0,2.0,260.0,4
,1670,22.0,15.0,2.0,300.0,4
,1671,22.0,14.4,3.0,420.0,5
,1672,24.1,15.5,3.4,620.0,5
,1673,20.4,13.2,2.4,260.0,4
,1674,20.8,13.5,1.8,280.0,4
,1675,25.8,19.2,2.0,760.0,5
,1676,21.2,13.8,2.6,280.0,5
,1677,23.4,15.3,2.7,450.0,5
,1678,21.2,13.8,1.2,340.0,4
,1679,17.6,13.0,4.0,460.0,5
,1680,26.0,20.6,1.0,320.0,4
,1681,17.4,12.0,2.2,322.0,4
,1682,20.9,14.5,1.8,290.0,4
,1683,22.4,17.6,3.2,660.0,5
,1684,17.4,12.4,1.8,180.0,3
,1685,23.8,17.0,2.6,730.0,5
,1686,20.2,18.6,1.4,300.0,4
,1687,23.6,16.6,1.8,500.0,5
,1688,29.0,23.4,1.9,1070.0,10
,1689,26.2,21.2,1.2,600.0,5
,1690,24.0,17.4,1.8,590.0,5
,1691,23.8,17.0,1.6,460.0,4
,1692,23.8,16.8,0.8,440.0,4
,1693,28.0,23.4,5.0,520.0,9
,1694,24.2,18.9,1.1,330.0,4
,1695,20.8,13.6,2.0,220.0,4
,1696,23.9,16.1,1.7,350.0,4
,1697,21.2,15.5,3.4,460.0,5
,1698,21.0,13.4,2.8,400.0,5
,1699,23.9,16.1,2.2,520.0,5
,1700,21.6,14.4,1.8,220.0,4
,1701,23.8,15.4,2.8,480.0,5
,1702,16.4,13.8,2.8,600.0,5
,1703,16.6,14.0,2.6,600.0,5
,1704,16.6,14.1,3.1,600.0,5
,1705,20.8,13.0,2.2,260.0,4
,1706,21.8,15.0,1.4,220.0,4
,1707,20.8,14.4,1.2,322.0,4
,1708,17.6,11.4,1.4,259.0,4
,1709,20.4,15.0,1.2,399.0,4
,1710,21.2,15.0,2.2,400.0,4
,1711,23.4,19.0,1.4,500.0,5
,1712,28.4,21.6,3.4,1900.0,11
,1713,26.0,20.6,2.2,840.0,5
,1714,14.8,10.8,3.2,358.0,5
,1715,22.6,15.6,3.8,620.0,5
,1716,21.8,14.4,2.2,280.0,4
,1717,23.2,17.2,2.4,720.0,5
,1718,24.0,16.0,1.9,510.0,5
,1719,19.2,17.4,0.8,180.0,3
,1720,22.7,15.0,2.5,460.0,4
,1721,21.6,15.0,1.8,259.0,4
,1722,24.0,15.8,3.2,581.0,5
,1723,23.8,16.0,3.0,558.0,5
,1724,18.8,13.0,1.4,220.0,4
,1725,22.8,16.0,2.6,540.0,5
,1726,23.2,15.4,2.8,440.0,5
,1727,19.6,14.0,2.4,360.0,4
,1728,28.8,20.9,1.0,290.0,4
,1729,28.4,20.3,0.5,260.0,4
,1730,15.2,10.2,1.4,159.0,3
,1731,20.9,16.5,2.7,730.0,5
,1732,24.0,17.0,1.4,400.0,4
,1733,23.8,16.8,2.0,540.0,5
,1734,23.9,17.1,2.7,910.0,5
,1735,18.8,14.0,2.0,400.0,4
,1736,23.8,17.0,2.2,700.0,5
,1737,23.8,17.2,1.8,440.0,4
,1738,23.9,16.9,2.7,830.0,5
,1739,24.0,17.0,3.0,960.0,5
,1740,23.8,17.0,1.6,380.0,4
,1741,26.0,19.6,1.1,420.0,4
,1742,24.0,17.0,1.4,280.0,4
,1743,24.0,17.2,2.8,840.0,5
,1744,23.8,17.0,2.0,540.0,5
,1745,21.0,16.6,3.4,1020.0,10
,1746,23.8,17.0,1.8,480.0,5
,1747,25.2,22.2,2.8,1020.0,10
,1748,25.8,19.6,1.6,400.0,4
,1749,23.8,16.8,1.4,420.0,4
,1750,25.8,19.4,1.2,440.0,4
,1751,18.6,12.6,0.8,100.0,3
,1752,17.3,12.2,1.5,40.0,2
,1753,17.5,12.2,4.1,380.0,6
,1754,17.2,16.6,1.2,200.0,3
,1755,17.0,16.8,1.0,60.0,2
,1756,17.0,16.8,1.0,180.0,3
,1757,16.8,16.5,1.0,180.0,3
,1758,17.0,16.7,1.1,170.0,3
,1759,17.8,12.4,3.0,300.0,5
,1760,25.6,18.4,0.4,140.0,3
,1761,24.6,24.6,0.8,420.0,9
,1762,9.6,9.6,9.4,458.0,9
,1763,20.3,13.5,2.0,320.0,4
,1764,18.2,12.4,1.2,141.0,3
,1765,22.0,14.0,1.6,260.0,4
,1766,17.8,11.0,1.2,120.0,3
,1767,21.2,16.0,3.0,860.0,5
,1768,18.8,12.0,1.8,281.0,4
,1769,21.2,13.9,1.4,210.0,3
,1770,18.8,12.8,1.6,220.0,4
,1771,17.4,12.0,1.0,80.0,1
,1772,23.0,16.2,1.6,620.0,5
,1773,17.8,12.8,1.0,120.0,3
,1774,24.0,16.0,3.0,630.0,5
,1775,21.8,15.0,1.8,300.0,4
,1776,18.2,12.2,2.0,220.0,4
,1777,17.8,13.0,2.4,400.0,4
,1778,21.8,15.0,2.2,300.0,4
,1779,17.8,11.8,1.6,160.0,3
,1780,17.8,13.0,1.2,120.0,3
,1781,24.0,17.2,1.9,780.0,5
,1782,21.9,15.0,1.8,300.0,4
,1783,24.0,17.4,1.5,560.0,5
,1784,17.5,12.9,1.0,60.0,1
,1785,18.4,18.2,1.2,40.0,2
,1786,17.4,9.6,5.6,600.0,6
,1787,23.8,17.0,1.6,540.0,5
,1788,23.9,17.1,1.2,350.0,4
,1789,24.0,17.0,2.6,860.0,5
,1790,24.0,17.0,2.4,680.0,5
,1791,23.8,16.8,1.4,460.0,4
,1792,23.8,17.0,1.6,440.0,4
,1793,24.0,17.0,1.0,500.0,5
,1794,20.8,16.0,1.4,280.0,4
,1795,25.8,19.2,1.8,620.0,5
,1796,24.0,17.0,1.8,540.0,5
,1797,19.0,13.0,0.5,20.0,1
,1798,17.6,11.8,1.4,80.0,3
,1799,20.0,16.0,1.5,160.0,3
,1800,12.0,10.2,9.0,220.0,8
,1801,18.6,18.2,1.6,220.0,4
,1802,11.8,10.2,9.0,220.0,8
,1803,17.6,10.6,3.0,200.0,5
,1804,17.8,10.8,3.2,340.0,5
,1805,17.6,10.8,2.4,200.0,3
,1806,17.8,10.6,2.6,280.0,5
,1807,23.0,15.0,3.0,560.0,5
,1808,22.0,13.9,2.0,280.0,4
,1809,21.4,14.9,1.8,358.0,4
,1810,22.8,15.0,3.2,610.0,5
,1811,21.8,13.8,2.2,380.0,4
,1812,19.8,13.8,2.2,300.0,4
,1813,21.4,13.4,3.0,420.0,5
,1814,21.5,14.0,2.9,490.0,5
,1815,22.0,14.8,2.0,160.0,3
,1816,14.8,10.8,1.4,140.0,3
,1817,20.3,15.7,2.3,580.0,5
,1818,25.4,19.5,1.5,610.0,5
,1819,18.8,13.6,1.8,160.0,3
,1820,24.0,16.0,2.8,500.0,5
,1821,24.0,16.1,4.4,880.0,6
,1822,22.0,14.0,3.5,560.0,5
,1823,16.8,10.6,2.0,180.0,3
,1824,17.6,10.4,1.8,181.0,3
,1825,17.6,11.0,1.2,118.0,3
,1826,18.1,11.2,0.9,100.0,3
,1827,18.0,11.0,1.2,120.0,3
,1828,21.4,11.6,1.6,322.0,4
,1829,19.0,12.4,1.8,240.0,4
,1830,22.0,13.9,1.2,190.0,3
,1831,14.8,9.8,2.8,159.0,5
,1832,25.8,19.0,1.6,798.0,5
,1833,25.9,20.0,1.4,810.0,5
,1834,24.5,19.6,1.2,530.0,5
,1835,23.9,16.0,3.3,840.0,5
,1836,21.6,14.2,1.6,240.0,4
,1837,17.4,11.0,1.4,322.0,4
,1838,17.8,11.0,2.0,220.0,4
,1839,22.0,14.2,3.4,540.0,5
,1840,21.8,14.0,2.0,320.0,4
,1841,22.0,14.0,2.2,260.0,4
,1842,22.0,14.0,2.4,390.0,4
,1843,21.8,14.0,2.0,320.0,4
,1844,17.8,10.8,4.0,400.0,5
,1845,18.0,10.8,1.8,140.0,3
,1846,18.8,13.0,2.6,360.0,5
,1847,17.8,11.0,3.4,340.0,5
,1848,17.8,12.6,2.0,200.0,3
,1849,12.8,7.0,2.2,120.0,3
,1850,21.8,19.6,0.6,240.0,4
,1851,12.6,12.6,3.0,220.0,5
,1852,24.7,19.1,1.7,560.0,5
,1853,17.8,10.8,1.8,160.0,3
,1854,22.8,15.0,2.8,440.0,5
,1855,20.9,14.5,1.4,240.0,4
,1856,20.4,14.4,1.2,340.0,4
,1857,20.6,14.4,1.4,200.0,3
,1858,21.0,14.5,2.2,300.0,4
,1859,20.8,14.5,1.8,220.0,4
,1860,20.8,14.6,1.4,220.0,4
,1861,20.8,14.4,1.2,140.0,3
,1862,20.8,14.4,3.0,440.0,5
,1863,21.8,14.2,1.7,270.0,4
,1864,19.0,12.7,1.2,168.0,3
,1865,21.8,14.0,1.6,222.0,4
,1866,22.0,14.0,3.2,700.0,5
,1867,21.8,14.0,2.0,222.0,4
,1868,19.0,11.8,1.6,140.0,3
,1869,18.9,12.0,1.6,60.0,2
,1870,20.2,12.0,1.4,159.0,3
,1871,21.8,14.0,1.4,220.0,4
,1872,21.8,14.0,2.6,320.0,5
,1873,21.8,14.0,2.0,320.0,4
,1874,21.8,14.0,2.4,381.0,4
,1875,21.8,14.0,2.6,599.0,5
,1876,22.0,14.0,2.6,322.0,5
,1877,22.6,13.8,2.8,340.0,5
,1878,20.5,14.0,1.6,410.0,4
,1879,30.0,21.8,0.6,118.0,3
,1880,20.8,14.0,2.6,580.0,5
,1881,17.6,11.6,1.0,60.0,1
,1882,17.8,12.0,1.4,120.0,3
,1883,21.0,15.1,2.7,560.0,5
,1884,17.8,11.9,1.5,140.0,3
,1885,21.2,14.0,1.8,220.0,4
,1886,17.8,12.0,3.0,360.0,5
,1887,17.8,12.9,1.3,160.0,3
,1888,17.4,12.8,1.2,100.0,3
,1889,16.8,16.8,1.8,440.0,4
,1890,23.9,17.6,1.5,460.0,4
,1891,19.8,13.8,2.6,460.0,5
,1892,23.8,18.8,2.2,1020.0,10
,1893,21.9,15.0,1.9,320.0,4
,1894,18.0,13.0,1.2,100.0,3
,1895,19.8,13.6,1.8,300.0,4
,1896,18.8,13.2,1.8,220.0,4
,1898,23.2,21.5,6.7,222.0,8
,1899,15.2,7.0,5.4,160.0,6
,1900,21.1,15.3,7.5,1620.0,11
,1901,92.5,30.0,23.0,2095.0,29
,1902,24.0,23.0,6.4,1420.0,11
,1903,25.8,19.8,2.4,760.0,5
,1904,17.8,10.9,2.5,220.0,4
,1905,21.6,14.0,2.8,300.0,5
,1906,24.0,15.2,4.4,760.0,6
,1907,22.8,14.4,3.8,560.0,5
,1908,17.6,10.6,2.4,220.0,4
,1909,30.6,24.8,2.2,1642.0,11
,1910,20.4,14.2,2.6,360.0,5
,1911,28.0,22.2,2.2,640.0,5
,1912,17.2,13.2,1.8,230.0,4
,1913,9.8,9.6,9.4,259.0,8
,1914,17.2,13.4,1.2,141.0,3
,1915,22.8,14.8,1.8,320.0,4
,1916,21.8,15.1,1.7,390.0,4
,1917,22.8,14.8,2.0,380.0,4
,1918,22.8,15.0,1.4,260.0,4
,1919,22.0,15.0,4.7,380.0,6
,1920,21.0,13.4,2.8,480.0,5
,1921,22.8,15.0,2.6,540.0,5
,1922,21.4,13.8,2.0,360.0,4
,1923,21.8,14.8,1.2,200.0,3
,1924,19.8,12.4,2.0,200.0,3
,1925,20.8,16.0,1.6,400.0,4
,1926,30.5,22.7,1.4,850.0,5
,1927,29.6,21.0,1.6,540.0,5
,1928,24.8,22.4,1.2,590.0,5
,1929,32.2,24.4,2.0,1220.0,10
,1930,24.6,22.6,1.2,640.0,5
,1931,20.0,19.8,1.0,420.0,4
,1932,24.8,19.8,1.6,640.0,5
,1933,19.8,19.8,0.8,300.0,4
,1934,19.0,18.8,0.8,280.0,4
,1935,22.4,20.8,1.0,480.0,5
,1936,20.2,20.0,1.3,470.0,5
,1937,29.4,21.0,1.6,720.0,5
,1938,20.0,19.6,1.2,340.0,4
,1939,19.8,19.4,1.2,400.0,4
,1940,20.3,20.3,1.0,340.0,4
,1941,17.8,11.0,1.2,120.0,3
,1942,19.4,17.4,0.8,80.0,3
,1943,21.8,19.6,0.8,220.0,4
,1944,22.6,14.2,2.0,300.0,4
,1945,20.6,14.2,2.4,360.0,4
,1946,21.4,14.2,2.6,440.0,5
,1947,23.2,21.2,1.2,460.0,4
,1948,23.6,21.2,1.2,240.0,4
,1949,21.8,14.0,2.0,260.0,4
,1950,21.4,13.4,2.6,320.0,5
,1951,31.6,22.8,2.2,1460.0,11
,1952,19.8,12.8,2.4,420.0,4
,1953,23.9,16.3,3.6,680.0,5
,1954,13.8,10.2,2.0,160.0,3
,1955,21.8,15.1,1.8,320.0,4
,1956,21.8,14.8,2.4,360.0,4
,1957,17.8,12.0,2.2,220.0,4
,1958,21.0,14.2,2.8,500.0,5
,1959,21.8,15.0,2.2,340.0,4
,1960,21.8,14.8,2.6,420.0,5
,1961,21.8,14.6,2.6,560.0,5
,1962,22.2,14.8,2.4,420.0,4
,1963,21.8,15.0,1.8,280.0,4
,1964,23.8,16.0,2.4,520.0,5
,1965,21.1,15.1,2.2,390.0,4
,1966,22.9,19.0,2.9,660.0,5
,1967,21.8,14.8,2.0,340.0,4
,1968,25.9,18.9,1.4,720.0,5
,1969,21.9,15.2,3.2,560.0,5
,1970,24.0,16.0,2.8,520.0,5
,1971,17.8,11.9,3.0,280.0,5
,1972,17.8,13.0,1.0,140.0,3
,1973,23.9,16.0,2.5,420.0,4
,1974,17.8,11.8,3.4,280.0,5
,1975,23.8,16.0,3.0,600.0,5
,1976,24.0,17.2,2.0,800.0,5
,1977,18.8,13.4,2.2,240.0,4
,1978,21.2,14.8,1.6,380.0,4
,1979,23.8,16.8,2.0,400.0,4
,1980,22.2,15.0,2.4,340.0,4
,1981,20.8,14.0,3.8,520.0,5
,1982,20.8,14.0,3.0,420.0,5
,1983,20.8,14.0,2.8,340.0,5
,1984,22.2,17.6,2.2,440.0,4
,1985,21.8,15.0,3.2,500.0,5
,1986,20.4,12.8,1.6,200.0,3
,1987,20.2,12.8,1.6,180.0,3
,1988,20.4,13.0,1.4,180.0,3
,1989,20.4,13.0,1.6,180.0,3
,1990,20.4,13.0,1.6,180.0,3
,1991,20.6,13.0,1.6,180.0,3
,1992,20.2,13.0,1.6,180.0,3
,1993,20.4,13.0,1.6,240.0,4
,1994,20.2,12.8,1.6,240.0,4
,1995,20.4,12.8,1.6,180.0,3
,1996,20.4,12.8,1.4,180.0,3
,1997,41.0,26.0,3.8,830.0,15
,1998,20.4,13.0,4.6,580.0,6
,1999,20.4,13.0,4.0,480.0,5
,2000,20.3,13.0,4.6,540.0,6
,2001,20.5,13.2,4.5,570.0,6
,2002,20.2,12.8,3.8,420.0,5
,2003,20.5,13.0,4.0,440.0,5
,2004,20.4,13.0,3.8,480.0,5
,2005,20.5,13.0,3.8,480.0,5
,2006,20.4,13.0,3.2,240.0,5
,2007,21.6,16.8,1.4,300.0,4
,2008,20.2,13.0,2.2,200.0,3
,2009,29.7,22.2,0.9,410.0,4
,2010,20.0,13.0,1.0,160.0,3
,2011,20.4,13.0,4.6,480.0,6
,2012,31.2,23.8,1.0,581.0,9
,2013,23.2,16.4,1.6,350.0,4
,2014,21.3,16.3,1.5,270.0,4
,2015,21.8,15.0,3.4,580.0,5
,2016,22.0,15.0,2.4,370.0,4
,2017,21.2,17.6,1.4,340.0,4
,2018,21.8,15.4,2.6,540.0,5
,2019,24.0,17.2,1.6,340.0,4
,2020,23.0,16.8,2.0,520.0,5
,2021,31.0,25.0,2.2,1580.0,11
,2022,21.5,13.5,3.2,440.0,5
,2023,21.0,13.0,1.2,170.0,3
,2024,20.8,13.0,1.8,180.0,3
,2025,20.8,14.4,1.6,200.0,3
,2026,20.8,14.6,2.0,222.0,4
,2027,21.8,14.8,1.4,420.0,4
,2028,21.8,15.0,1.8,280.0,4
,2029,21.8,15.0,2.4,320.0,4
,2030,21.4,15.0,2.2,381.0,4
,2031,22.0,14.8,2.0,360.0,4
,2032,20.8,14.4,1.6,322.0,4
,2033,22.8,15.8,2.8,760.0,5
,2034,18.8,12.9,1.8,200.0,3
,2035,23.8,16.0,2.0,440.0,4
,2036,21.8,15.0,1.8,300.0,4
,2037,21.9,15.1,1.9,320.0,4
,2038,20.8,13.8,1.8,240.0,4
,2039,20.8,13.8,1.4,180.0,3
,2040,21.0,14.0,1.8,240.0,4
,2041,20.8,14.4,2.4,340.0,4
,2042,21.8,14.8,2.2,540.0,5
,2043,21.8,15.0,2.0,480.0,5
,2044,21.8,15.0,2.0,520.0,5
,2045,20.8,14.0,2.1,260.0,4
,2046,21.8,14.8,2.0,300.0,4
,2047,21.8,15.0,2.4,640.0,5
,2048,21.8,15.0,2.8,440.0,5
,2049,22.2,14.0,2.8,460.0,5
,2050,22.2,13.8,3.0,420.0,5
,2051,22.4,14.0,1.6,160.0,3
,2052,22.0,14.0,3.4,480.0,5
,2053,22.5,14.1,2.9,480.0,5
,2054,20.8,15.0,2.4,400.0,4
,2055,20.8,15.0,3.2,480.0,5
,2056,23.8,15.4,3.8,840.0,5
,2057,29.0,24.0,2.0,720.0,9
,2058,22.0,15.0,2.0,320.0,4
,2059,20.5,15.3,1.8,110.0,3
,2060,21.8,14.0,1.8,260.0,4
,2061,21.8,14.0,2.4,380.0,4
,2062,20.8,15.0,2.0,300.0,4
,2063,20.9,15.0,1.3,320.0,4
,2064,21.0,15.0,1.8,400.0,4
,2065,20.9,15.0,1.9,450.0,4
,2066,20.9,14.9,1.3,230.0,4
,2067,22.8,19.0,2.6,860.0,5
,2068,20.6,14.2,1.5,300.0,4
,2069,17.8,11.0,2.0,200.0,3
,2070,22.8,14.0,3.0,560.0,5
,2071,20.4,14.0,3.8,500.0,5
,2072,24.2,20.2,2.4,820.0,5
,2073,21.2,16.2,2.2,420.0,4
,2074,21.4,15.8,1.6,300.0,4
,2075,22.8,17.8,1.6,360.0,4
,2076,21.2,19.4,1.7,340.0,4
,2077,22.2,19.4,1.0,360.0,4
,2078,22.4,17.1,1.3,400.0,4
,2079,22.5,17.0,1.1,390.0,4
,2080,25.2,19.2,1.0,380.0,4
,2081,18.4,13.6,1.2,220.0,4
,2082,22.5,17.0,1.0,360.0,4
,2083,31.4,24.6,2.2,1590.0,11
,2084,22.0,17.0,1.4,510.0,5
,2085,22.4,13.8,2.6,380.0,5
,2086,25.8,20.4,2.0,860.0,5
,2087,23.8,4.2,3.6,140.0,5
,2088,27.4,21.0,1.2,600.0,5
,2089,18.8,13.0,1.8,220.0,4
,2090,22.6,19.0,3.3,1420.0,11
,2091,19.8,16.5,1.3,360.0,4
,2092,19.8,16.2,1.4,320.0,4
,2093,20.4,16.2,2.0,480.0,5
,2094,21.0,15.0,2.4,400.0,4
,2095,23.2,15.4,3.4,520.0,5
,2096,20.4,14.3,3.4,520.0,5
,2097,23.6,15.4,2.9,480.0,5
,2098,23.4,15.4,3.2,400.0,5
,2099,23.0,15.2,3.0,500.0,5
,2100,22.0,14.0,3.6,580.0,5
,2101,20.7,16.1,2.2,540.0,5
,2102,22.4,14.0,2.4,300.0,4
,2103,22.2,14.0,2.8,420.0,5
,2104,23.4,15.2,3.2,540.0,5
,2105,22.3,14.0,2.8,440.0,5
,2106,22.4,13.8,2.2,280.0,4
,2107,21.4,14.9,1.8,358.0,4
,2108,29.0,22.4,1.0,450.0,4
,2109,21.8,14.0,2.0,220.0,4
,2110,30.0,26.0,3.8,1520.0,17
,2111,24.0,16.2,4.6,760.0,6
,2112,23.8,16.0,4.0,800.0,5
,2113,23.4,15.4,3.4,580.0,5
,2114,22.4,13.8,2.8,580.0,5
,2115,20.8,14.8,1.4,320.0,4
,2116,22.5,14.0,2.0,400.0,4
,2117,20.2,17.0,1.8,480.0,5
,2118,20.8,15.8,1.8,360.0,4
,2119,22.2,13.8,2.4,460.0,4
,2120,27.4,22.2,2.6,1080.0,10
,2121,23.0,15.2,3.8,460.0,5
,2122,20.1,13.2,2.5,420.0,4
,2123,23.8,16.0,4.2,1000.0,10
,2124,23.2,15.2,3.4,640.0,5
,2125,26.8,22.4,2.5,1130.0,10
,2126,23.5,15.3,3.2,581.0,5
,2127,29.0,22.0,1.2,460.0,4
,2128,22.4,14.0,3.4,620.0,5
,2129,22.5,14.0,2.0,160.0,3
,2130,23.8,16.0,3.2,740.0,5
,2131,19.8,14.5,1.5,230.0,4
,2132,27.2,26.6,1.2,490.0,15
,2133,26.8,26.4,1.2,540.0,15
,2134,22.4,14.1,2.4,330.0,4
,2135,22.4,14.0,2.0,230.0,4
,2136,21.8,14.0,1.8,340.0,4
,2137,23.8,15.8,3.4,730.0,5
,2138,23.4,15.2,3.0,500.0,5
,2139,19.8,13.0,2.2,240.0,4
,2140,19.6,15.2,1.5,340.0,4
,2141,23.8,16.0,3.2,780.0,5
,2142,19.8,13.0,1.6,200.0,3
,2143,21.8,13.8,1.4,360.0,4
,2144,21.6,13.8,2.6,400.0,5
,2145,23.8,16.0,4.2,960.0,6
,2146,29.4,22.4,1.0,460.0,4
,2147,29.2,22.0,1.0,460.0,4
,2148,23.4,15.4,3.0,540.0,5
,2149,21.2,14.4,2.2,360.0,4
,2150,23.4,15.2,3.4,580.0,5
,2151,17.6,12.8,2.0,160.0,3
,2152,20.4,14.0,2.4,480.0,5
,2153,19.6,13.2,2.2,160.0,3
,2154,19.4,13.0,1.4,160.0,3
,2155,19.3,12.9,1.5,180.0,3
,2156,19.3,13.0,1.4,170.0,3
,2157,26.0,20.0,1.0,380.0,4
,2158,25.4,19.5,1.3,360.0,4
,2159,34.6,28.6,1.2,900.0,15
,2160,19.0,13.0,1.2,160.0,3
,2161,20.2,18.8,4.2,560.0,6
,2162,18.8,13.0,1.0,200.0,3
,2163,20.0,16.8,2.0,640.0,5
,2164,24.0,18.0,1.5,320.0,4
,2165,19.4,13.0,1.0,140.0,3
,2166,22.8,15.6,2.6,420.0,5
,2167,19.2,13.0,2.6,580.0,5
,2168,20.0,16.0,2.0,300.0,4
,2169,24.2,19.6,1.6,500.0,5
,2170,26.4,17.8,4.2,250.0,6
,2171,25.2,19.0,0.6,140.0,3
,2172,24.6,18.4,0.4,120.0,3
,2173,24.5,21.0,0.4,60.0,2
,2174,24.1,20.3,0.5,140.0,3
,2175,23.9,20.6,0.5,110.0,3
,2176,17.0,16.2,0.6,140.0,3
,2177,19.4,19.2,0.8,240.0,4
,2178,20.2,20.2,1.2,240.0,4
,2179,19.4,19.0,1.0,240.0,4
,2180,17.4,17.2,1.6,140.0,3
,2181,17.6,12.0,0.8,80.0,1
,2182,17.6,12.0,1.0,20.0,1
,2183,17.6,12.0,0.8,82.0,3
,2184,17.8,11.6,0.8,80.0,1
,2185,18.0,12.0,1.0,80.0,1
,2186,17.8,11.9,1.0,200.0,3
,2187,28.2,24.2,2.2,720.0,9
,2188,18.8,14.0,2.4,460.0,4
,2189,18.8,14.0,2.4,480.0,5
,2190,19.5,14.0,2.0,440.0,4
,2191,19.8,13.2,1.6,120.0,3
,2192,22.8,15.6,2.8,540.0,5
,2193,24.6,20.6,0.8,300.0,4
,2194,20.2,13.4,1.4,140.0,3
,2195,19.4,14.4,2.0,380.0,4
,2196,20.4,14.1,2.8,510.0,5
,2197,19.2,13.0,1.0,160.0,3
,2198,20.5,14.1,1.1,140.0,3
,2199,31.8,24.0,1.0,599.0,9
,2200,20.4,14.2,1.6,310.0,4
,2201,31.0,23.5,0.9,580.0,9
,2202,22.8,15.2,3.6,600.0,5
,2203,34.6,25.8,0.6,320.0,14
,2204,19.4,13.0,1.6,160.0,3
,2205,20.2,14.0,1.6,280.0,4
,2206,22.8,15.6,3.0,560.0,5
,2207,19.4,13.0,1.2,140.0,3
,2208,20.3,14.0,2.3,500.0,5
,2209,22.9,15.2,2.5,560.0,5
,2210,25.0,19.0,1.0,280.0,4
,2211,19.4,13.0,1.0,120.0,3
,2212,27.5,22.0,1.0,280.0,4
,2213,26.4,22.2,3.2,800.0,5
,2214,24.6,21.8,3.0,480.0,5
,2215,21.1,18.0,2.8,460.0,5
,2216,31.9,23.8,2.7,1710.0,11
,2217,21.4,13.5,1.7,260.0,4
,2218,21.5,13.3,2.5,290.0,4
,2219,21.4,13.4,3.8,520.0,5
,2220,21.2,13.4,2.2,340.0,4
,2221,19.8,13.8,2.8,380.0,5
,2222,23.8,15.4,2.8,460.0,5
,2223,30.6,25.0,0.8,440.0,9
,2224,25.8,19.7,3.7,950.0,5
,2225,23.8,15.4,3.2,560.0,5
,2226,26.2,18.2,1.4,400.0,4
,2227,23.2,15.6,2.2,540.0,5
,2228,23.4,19.6,2.4,700.0,5
,2229,22.4,14.0,2.4,380.0,4
,2230,22.0,13.6,2.8,358.0,5
,2231,22.4,14.0,2.6,400.0,5
,2232,22.0,14.2,3.8,440.0,5
,2233,23.8,15.2,3.0,500.0,5
,2234,19.8,14.0,4.1,500.0,6
,2235,20.4,13.0,3.2,380.0,5
,2236,21.6,16.8,1.0,140.0,3
,2237,25.8,20.8,1.8,620.0,5
,2238,21.4,14.9,1.8,358.0,4
,2239,24.2,21.6,2.0,840.0,5
,2240,20.2,17.4,1.6,340.0,4
,2241,25.6,22.4,3.7,1070.0,10
,2242,21.2,13.4,2.6,500.0,5
,2243,23.3,19.1,1.5,440.0,4
,2244,18.6,12.6,0.2,100.0,3
,2245,22.3,14.3,2.0,290.0,4
,2246,15.5,12.2,6.0,141.0,6
,2248,23.0,15.0,3.0,360.0,5
,2249,23.3,15.5,3.9,680.0,5
,2250,21.8,14.2,3.8,460.0,5
,2251,21.8,15.0,3.0,480.0,5
,2252,21.4,14.0,2.6,420.0,5
,2253,22.8,19.0,3.2,960.0,5
,2254,21.0,13.9,2.1,300.0,4
,2255,20.4,13.0,4.2,520.0,6
,2256,21.8,14.2,2.0,480.0,5
,2257,23.6,16.6,1.2,440.0,4
,2258,24.1,20.1,1.8,680.0,5
,2259,22.8,18.0,0.8,380.0,4
,2260,21.8,19.0,1.8,720.0,5
,2261,24.9,18.5,1.4,470.0,5
,2262,23.8,19.4,2.8,1220.0,10
,2263,22.9,17.5,3.0,580.0,5
,2264,22.5,17.5,2.0,640.0,5
,2265,21.0,18.4,1.6,380.0,4
,2266,20.2,20.2,2.2,300.0,4
,2267,18.8,11.6,2.8,300.0,5
,2268,18.8,12.4,3.8,458.0,5
,2269,23.9,15.6,4.0,890.0,5
,2270,20.3,13.4,1.9,370.0,4
,2271,22.4,14.2,3.0,520.0,5
,2272,23.4,15.4,2.7,530.0,5
,2273,24.0,18.4,2.2,640.0,5
,2274,21.0,18.6,2.2,640.0,5
,2275,26.4,20.0,1.8,540.0,5
,2276,24.2,24.2,1.6,580.0,9
,2277,24.2,24.2,1.6,580.0,9
,2278,23.8,16.8,1.8,620.0,5
,2279,23.8,17.2,1.8,600.0,5
,2280,21.7,15.0,1.4,430.0,4
,2281,24.0,16.1,3.7,740.0,5
,2282,29.0,20.1,1.5,860.0,5
,2283,19.0,13.6,1.6,80.0,3
,2284,24.0,19.2,3.2,1040.0,10
,2285,15.4,8.0,4.2,240.0,6
,2286,29.7,14.9,5.0,191.0,6
,2287,31.0,25.6,3.7,290.0,14
,2288,25.6,10.6,6.5,80.0,7
,2289,23.4,16.3,5.6,408.0,6
,2291,16.9,13.0,4.2,59.0,6
,2292,20.3,17.6,6.7,141.0,7
,2293,21.3,13.3,6.8,222.0,8
,2294,20.1,18.5,8.7,431.0,9
,2295,24.7,23.9,9.6,599.0,9
,2296,15.9,8.1,5.9,150.0,6
,2300,27.6,21.2,12.4,180.0,14
,2301,15.2,8.6,5.4,340.0,6
,2302,15.4,8.6,5.4,380.0,6
,2303,22.4,15.4,3.0,460.0,5
,2304,21.8,14.8,3.2,1080.0,10
,2305,30.4,25.7,2.2,1490.0,17
,2306,23.6,16.5,1.0,260.0,4
,2307,23.8,16.8,2.2,540.0,5
,2308,23.8,16.8,1.6,360.0,4
,2309,23.6,16.6,1.2,440.0,4
,2310,27.8,16.8,2.6,760.0,5
,2311,19.8,13.6,3.2,560.0,5
,2312,21.2,14.2,2.2,340.0,4
,2313,29.0,23.6,1.8,720.0,9
,2314,23.9,16.8,2.2,130.0,3
,2315,23.8,16.9,2.7,820.0,5
,2316,23.8,15.2,3.6,522.0,5
,2317,21.4,14.9,1.8,358.0,4
,2318,20.8,13.8,2.8,340.0,5
,2319,17.5,10.8,2.3,150.0,3
,2320,17.6,10.8,2.8,200.0,5
,2321,17.5,10.7,2.8,200.0,5
,2322,17.6,10.8,3.2,280.0,5
,2323,22.8,15.0,4.0,680.0,5
,2324,25.2,19.8,1.6,620.0,5
,2325,22.9,15.0,2.7,530.0,5
,2326,23.0,15.1,2.9,530.0,5
,2327,22.8,15.0,3.2,600.0,5
,2328,20.6,13.8,9.4,1379.0,10
,2329,16.4,12.0,1.8,299.0,4
,2330,18.8,13.2,1.6,160.0,3
,2331,22.0,14.5,2.2,470.0,5
,2332,22.8,17.0,1.6,500.0,5
,2333,21.5,13.9,1.2,200.0,3
,2334,23.8,15.8,1.0,400.0,4
,2335,19.8,19.8,0.8,280.0,4
,2336,19.0,12.6,2.4,422.0,4
,2337,22.0,14.0,1.5,220.0,4
,2338,21.9,14.0,1.7,300.0,4
,2339,22.0,13.9,2.4,210.0,3
,2340,27.4,21.0,1.0,400.0,4
,2341,24.8,19.0,4.6,880.0,6
,2342,22.2,14.0,2.2,300.0,4
,2343,21.8,14.4,2.2,280.0,4
,2344,20.8,13.4,1.8,220.0,4
,2345,26.4,26.2,1.8,1380.0,16
,2346,21.8,15.6,2.2,440.0,4
,2347,20.8,14.0,1.4,200.0,3
,2348,27.8,22.0,2.2,1080.0,10
,2349,20.8,14.0,2.8,340.0,5
,2350,23.8,15.4,3.0,500.0,5
,2351,23.8,15.4,2.6,460.0,5
,2352,20.8,14.6,2.0,300.0,4
,2353,20.2,18.2,2.0,360.0,4
,2354,21.2,16.6,2.2,420.0,4
,2355,19.4,19.4,2.0,540.0,5
,2356,21.2,16.0,2.6,500.0,5
,2357,22.6,17.8,1.0,380.0,4
,2358,25.3,19.2,0.9,390.0,4
,2359,25.2,18.8,1.0,380.0,4
,2360,23.9,16.5,2.2,640.0,5
,2361,20.5,13.5,2.2,400.0,4
,2362,21.8,14.0,2.4,400.0,4
,2363,25.5,22.2,2.2,960.0,5
,2364,27.7,22.7,1.7,1010.0,10
,2365,30.8,24.0,3.2,1820.0,11
,2366,23.5,15.5,2.8,460.0,5
,2367,18.9,13.0,1.4,160.0,3
,2368,24.2,18.4,1.2,540.0,5
,2369,27.0,26.6,0.9,500.0,15
,2370,27.2,26.4,0.9,490.0,15
,2371,27.0,26.4,1.2,560.0,15
,2372,21.8,17.0,2.3,580.0,5
,2373,23.9,15.5,2.0,520.0,5
,2374,24.5,15.0,3.0,530.0,5
,2375,22.8,17.8,2.4,580.0,5
,2376,19.8,16.0,1.0,80.0,3
,2377,21.8,13.6,3.2,340.0,5
,2378,21.4,14.9,1.9,358.0,4
,2379,33.8,24.4,2.8,1520.0,11
,2380,21.0,15.6,2.0,460.0,4
,2381,19.8,13.2,2.8,360.0,5
,2382,14.2,13.4,4.8,458.0,6
,2383,20.6,13.4,3.2,420.0,5
,2384,23.0,15.4,1.4,400.0,4
,2385,23.2,15.4,1.4,440.0,4
,2386,23.0,15.6,1.4,400.0,4
,2387,17.6,10.8,2.2,300.0,4
,2388,17.8,10.8,1.4,140.0,3
,2389,22.3,14.0,2.2,370.0,4
,2390,22.2,13.8,2.0,340.0,4
,2391,21.4,21.0,2.0,680.0,5
,2392,21.6,14.2,2.0,200.0,3
,2393,23.9,15.2,3.6,620.0,5
,2394,21.6,14.0,2.0,299.0,4
,2395,17.0,17.0,2.0,340.0,4
,2396,22.2,13.8,3.0,400.0,5
,2397,21.8,14.2,2.4,280.0,4
,2398,17.2,17.2,2.0,240.0,4
,2399,19.4,13.0,2.6,300.0,5
,2400,22.4,14.0,2.4,320.0,4
,2401,21.2,18.4,1.4,460.0,4
,2402,21.4,13.6,2.2,260.0,4
,2403,20.6,13.6,2.0,420.0,4
,2404,27.4,24.4,3.0,1380.0,10
,2405,20.8,14.0,1.6,281.0,4
,2406,17.8,11.0,1.4,181.0,3
,2407,25.2,23.6,2.6,80.0,7
,2408,27.0,18.6,2.1,400.0,4
,2409,21.4,20.4,1.6,360.0,4
,2410,23.8,17.0,1.0,520.0,5
,2411,22.4,17.2,2.2,812.0,5
,2412,22.0,17.0,1.2,499.0,5
,2413,23.8,17.6,1.2,580.0,5
,2414,23.4,18.2,3.0,780.0,5
,2415,29.8,21.8,2.4,1180.0,10
,2416,21.0,14.1,3.2,680.0,5
,2417,21.8,21.2,1.8,640.0,5
,2418,16.4,15.5,1.9,110.0,3
,2419,22.2,15.4,2.8,440.0,5
,2420,23.6,15.2,3.0,480.0,5
,2421,23.8,15.4,3.4,660.0,5
,2422,13.3,8.9,2.9,30.0,5
,2423,27.4,21.1,0.5,160.0,3
,2424,12.2,9.2,6.2,240.0,8
,2425,16.8,15.6,2.0,280.0,4
,2426,24.2,19.0,0.8,120.0,3
,2427,22.8,15.1,3.4,540.0,5
,2428,25.4,21.4,4.0,920.0,5
,2429,21.4,14.9,1.8,358.0,4
,2430,21.0,14.8,1.8,430.0,4
,2431,23.2,15.2,1.8,1100.0,10
,2432,25.6,19.4,1.8,720.0,5
,2433,24.6,20.6,0.4,140.0,3
,2434,28.2,24.0,2.4,1460.0,11
,2435,24.0,15.4,3.4,600.0,5
,2436,31.0,25.2,3.4,2560.0,18
,2437,18.8,11.8,1.8,240.0,4
,2438,21.6,16.4,1.2,280.0,4
,2439,28.0,22.6,2.2,1420.0,11
,2440,18.8,14.6,1.6,160.0,3
,2441,19.8,13.4,2.8,540.0,5
,2442,23.2,15.6,1.0,240.0,4
,2443,36.4,26.2,8.4,1420.0,17
,2444,19.2,13.0,2.4,380.0,4
,2445,28.6,21.8,2.6,1480.0,11
,2446,21.4,16.6,2.2,480.0,5
,2447,30.6,25.8,2.6,1380.0,16
,2448,22.2,14.4,3.6,640.0,5
,2449,22.8,19.2,2.8,1000.0,10
,2450,27.9,21.7,1.4,730.0,5
,2451,20.8,14.8,2.0,300.0,4
,2452,30.7,23.5,2.1,1350.0,10
,2453,17.6,10.8,1.5,100.0,3
,2454,17.8,12.0,3.0,280.0,5
,2455,28.8,24.6,3.0,2118.0,12
,2456,34.4,11.6,4.0,181.0,8
,2457,29.1,9.8,2.4,130.0,3
,2458,24.0,10.0,3.0,80.0,5
,2459,22.6,9.0,3.8,141.0,5
,2460,20.8,9.8,2.0,100.0,3
,2461,20.1,12.4,3.2,20.0,5
,2462,20.1,12.4,3.4,109.0,5
,2463,20.1,12.5,3.3,132.0,5
,2464,20.0,12.5,3.6,140.0,5
,2465,20.6,12.3,3.2,141.0,5
,2466,24.1,20.4,5.8,230.0,6
,2467,18.6,7.6,1.0,100.0,3
,2468,20.0,12.7,6.5,322.0,8
,2469,20.2,12.6,4.7,290.0,6
,2470,25.6,11.7,6.3,830.0,9
,2471,10.2,9.8,7.2,110.0,7
,2472,13.1,11.4,8.4,130.0,7
,2473,13.0,12.5,9.5,159.0,8
,2474,14.4,13.7,10.9,220.0,8
,2475,16.0,15.1,12.1,299.0,14
,2476,18.8,17.3,12.3,360.0,14
,2477,20.5,14.7,5.8,200.0,6
,2478,18.4,10.4,9.4,108.0,7
,2479,41.1,31.3,21.6,550.0,15
,2480,35.0,26.4,23.9,770.0,15
,2481,40.8,31.4,25.1,1130.0,16
,2482,22.8,22.8,0.8,140.0,3
,2483,17.8,12.4,4.3,700.0,6
,2484,19.4,14.0,4.8,280.0,6
,2485,31.4,24.8,2.2,1220.0,10
,2486,26.4,20.0,2.6,1100.0,10
,2487,14.2,12.4,11.6,460.0,9
,2488,29.5,22.3,2.2,1220.0,10
,2489,22.8,19.0,2.6,880.0,5
,2490,20.8,14.0,2.8,360.0,5
,2491,19.0,13.8,2.8,322.0,5
,2492,29.4,22.8,1.2,700.0,5
,2493,29.0,25.0,2.2,1340.0,10
,2494,29.4,23.2,1.6,720.0,9
,2495,25.5,18.4,1.2,500.0,5
,2496,16.0,14.8,4.2,560.0,6
,2497,29.8,25.4,2.8,1820.0,17
,2498,17.6,11.8,2.0,200.0,3
,2499,29.6,24.0,3.0,2140.0,12
,2500,21.2,16.0,2.2,340.0,4
,2501,21.4,15.4,3.4,520.0,5
,2502,23.2,19.4,2.0,790.0,5
,2503,26.8,26.4,2.0,1402.0,17
,2504,22.4,13.8,2.6,360.0,5
,2505,20.4,14.4,3.8,800.0,5
,2506,26.0,21.0,2.4,790.0,5
,2507,25.8,21.2,2.2,760.0,5
,2508,25.8,20.4,1.2,560.0,5
,2509,25.6,20.8,1.8,560.0,5
,2510,25.8,20.4,1.8,600.0,5
,2511,25.6,20.8,1.8,500.0,5
,2512,25.8,21.0,1.8,460.0,4
,2513,25.8,21.0,1.8,500.0,5
,2514,22.2,16.2,5.6,920.0,6
,2515,29.4,23.0,1.2,740.0,5
,2516,22.8,15.2,3.2,450.0,5
,2517,21.8,19.6,3.2,980.0,10
,2518,22.8,15.2,2.6,500.0,5
,2519,21.0,14.4,2.6,340.0,5
,2520,20.8,14.4,3.8,520.0,5
,2521,20.8,14.4,2.4,340.0,4
,2522,21.0,14.4,3.2,500.0,5
,2523,20.8,14.4,3.4,380.0,5
,2524,20.8,14.2,2.3,360.0,4
,2525,22.8,15.2,3.0,460.0,5
,2526,20.8,14.4,5.2,620.0,6
,2527,25.8,20.8,2.0,660.0,5
,2528,25.8,21.0,2.0,680.0,5
,2529,22.0,17.0,1.3,300.0,4
,2530,22.9,15.3,3.9,620.0,5
,2531,20.8,14.6,3.2,460.0,5
,2532,17.2,14.2,2.8,590.0,5
,2533,17.4,14.2,2.8,640.0,5
,2534,20.8,14.4,3.2,400.0,5
,2535,20.2,15.2,5.0,560.0,6
,2536,21.0,14.6,4.0,520.0,5
,2537,23.0,22.2,2.7,370.0,5
,2538,24.1,20.0,2.9,1250.0,10
,2539,30.0,22.6,2.0,1140.0,10
,2540,23.4,16.6,1.6,440.0,4
,2541,27.4,22.4,2.2,1080.0,10
,2542,24.9,19.3,2.6,1000.0,10
,2543,26.0,25.0,2.6,1500.0,11
,2544,23.9,17.0,1.9,760.0,5
,2545,25.2,19.2,1.9,730.0,5
,2546,29.8,23.2,1.0,540.0,9
,2547,22.0,15.0,1.8,220.0,4
,2548,21.0,16.0,2.7,490.0,5
,2549,21.8,14.8,1.0,280.0,4
,2550,22.6,16.0,3.3,580.0,5
,2551,21.6,15.0,2.6,380.0,5
,2552,18.6,7.2,0.9,40.0,1
,2553,19.6,12.4,3.9,200.0,5
,2554,20.1,12.4,3.2,120.0,5
,2555,25.4,19.0,1.4,380.0,4
,2556,25.2,18.8,1.0,400.0,4
,2557,25.2,18.8,1.0,380.0,4
,2558,24.2,23.8,1.0,422.0,9
,2559,33.3,24.1,1.6,770.0,9
,2560,18.8,13.0,2.8,140.0,5
,2561,18.8,13.0,2.2,220.0,4
,2562,21.4,17.4,2.0,520.0,5
,2563,21.2,13.8,2.2,360.0,4
,2564,36.4,26.1,1.2,530.0,15
,2565,23.8,17.0,2.4,640.0,5
,2566,26.8,18.9,1.3,390.0,4
,2567,20.0,13.5,2.0,380.0,4
,2568,22.6,20.4,2.7,740.0,5
,2569,28.7,21.8,2.5,1620.0,11
,2570,21.8,15.1,1.6,280.0,4
,2571,21.0,20.8,2.0,940.0,5
,2572,22.8,19.0,2.8,962.0,10
,2573,22.3,17.0,1.4,440.0,4
,2574,31.0,23.2,6.4,500.0,9
,2575,17.4,9.6,5.6,480.0,6
,2576,29.7,25.1,2.4,1610.0,17
,2577,25.6,22.3,3.6,980.0,10
,2578,21.0,13.8,2.8,500.0,5
,2579,20.8,14.0,2.2,310.0,4
,2580,18.0,14.2,2.3,520.0,5
,2581,33.8,25.8,4.2,3360.0,19
,2582,27.4,20.4,1.6,580.0,5
,2583,35.1,24.0,0.9,560.0,15
,2584,29.6,21.6,3.0,1500.0,11
,2585,21.9,16.0,1.0,270.0,4
,2586,21.8,16.0,0.8,260.0,4
,2587,15.7,15.7,1.5,340.0,4
,2588,18.8,13.0,1.2,120.0,3
,2589,18.0,11.0,1.6,200.0,3
,2590,17.6,12.2,0.8,80.0,1
,2591,19.8,13.4,2.8,358.0,5
,2592,22.4,14.0,3.2,560.0,5
,2593,21.8,15.0,2.4,340.0,4
,2594,25.1,18.3,4.2,1840.0,11
,2595,23.6,20.6,1.8,540.0,5
,2596,26.6,15.0,1.7,370.0,4
,2597,21.8,15.0,2.2,360.0,4
,2598,30.8,22.0,2.6,1380.0,10
,2599,31.4,24.7,1.4,880.0,9
,2600,27.6,23.2,2.4,1520.0,11
,2601,25.4,19.5,3.9,1410.0,11
,2602,21.8,16.0,0.8,210.0,3
,2603,21.8,16.0,1.1,250.0,4
,2604,21.9,16.1,1.4,290.0,4
,2605,18.4,12.8,1.7,600.0,5
,2606,21.9,16.0,1.4,190.0,3
,2607,21.7,15.4,1.4,340.0,4
,2608,19.4,13.0,1.6,260.0,4
,2609,23.8,16.6,1.8,460.0,4
,2610,23.8,17.2,2.0,360.0,4
,2611,23.9,17.5,1.8,420.0,4
,2612,24.2,18.0,1.5,300.0,4
,2613,22.8,15.4,3.6,890.0,5
,2614,18.6,16.4,1.2,340.0,4
,2615,25.5,22.5,0.2,200.0,3
,2616,24.0,16.0,3.4,560.0,5
,2617,21.9,12.5,1.4,370.0,4
,2618,21.8,14.8,2.4,600.0,5
,2619,21.8,13.8,3.0,300.0,5
,2620,21.4,14.0,2.6,420.0,5
,2621,20.9,17.0,2.2,320.0,4
,2622,20.8,14.0,1.8,340.0,4
,2623,19.4,13.0,2.0,220.0,4
,2624,18.2,12.8,2.2,220.0,4
,2625,19.8,14.8,2.0,320.0,4
,2626,23.4,18.2,2.8,700.0,5
,2627,23.8,17.0,3.0,920.0,5
,2628,31.6,25.7,3.6,2390.0,18
,2629,20.8,14.2,1.6,220.0,4
,2630,23.8,16.0,2.2,500.0,5
,2631,21.8,14.8,2.8,440.0,5
,2632,21.8,15.0,1.8,320.0,4
,2633,23.8,15.8,2.0,460.0,4
,2634,21.8,15.0,2.2,360.0,4
,2635,21.8,15.0,2.4,400.0,4
,2636,23.0,18.2,1.6,660.0,5
,2637,20.8,13.6,3.4,280.0,5
,2638,25.0,19.3,2.3,1000.0,10
,2639,22.4,19.4,1.2,360.0,4
,2640,22.9,16.8,1.4,120.0,3
,2641,19.4,16.2,1.8,540.0,5
,2642,22.8,19.0,2.0,540.0,5
,2643,22.0,13.8,1.8,300.0,4
,2644,20.0,12.0,1.2,170.0,3
,2645,17.8,11.1,2.4,420.0,4
,2646,17.6,10.8,2.4,200.0,3
,2647,17.6,10.8,2.8,60.0,5
,2648,17.6,10.6,2.4,222.0,4
,2649,18.8,12.4,2.0,220.0,4
,2650,18.8,12.4,2.8,320.0,5
,2651,20.8,13.4,2.4,340.0,4
,2652,21.0,14.0,3.0,310.0,5
,2653,21.6,14.8,1.6,300.0,4
,2654,23.2,16.8,2.4,820.0,5
,2655,23.9,15.9,2.2,540.0,5
,2656,23.9,16.1,2.4,470.0,5
,2657,21.8,15.0,2.8,660.0,5
,2658,55.5,35.5,10.0,1420.0,25
,2659,21.8,15.0,2.6,420.0,5
,2660,24.7,18.7,3.7,1290.0,10
,2661,23.8,16.0,3.8,620.0,5
,2662,23.0,17.0,2.0,560.0,5
,2663,25.2,20.0,2.4,940.0,5
,2664,21.3,16.0,1.2,460.0,4
,2665,23.0,14.2,2.2,460.0,4
,2666,22.0,17.0,1.4,250.0,4
,2667,22.0,16.6,1.2,458.0,4
,2668,32.8,25.4,2.6,1830.0,17
,2669,21.0,15.4,1.4,340.0,4
,2670,22.1,15.4,1.7,390.0,4
,2671,19.0,14.6,3.0,320.0,5
,2672,18.0,15.0,3.4,400.0,5
,2673,21.6,15.4,1.2,290.0,4
,2674,20.8,13.8,3.0,440.0,5
,2675,28.8,22.0,2.9,1800.0,11
,2676,18.8,13.2,2.0,320.0,4
,2677,17.8,13.0,0.9,220.0,4
,2678,15.9,15.9,3.1,520.0,5
,2679,23.4,18.8,1.4,520.0,5
,2680,21.4,14.2,2.2,320.0,4
,2681,26.8,24.8,3.8,1720.0,11
,2682,23.8,19.7,2.1,670.0,5
,2683,24.5,20.0,2.0,870.0,5
,2684,26.0,22.8,2.4,1040.0,10
,2685,20.6,14.8,2.4,560.0,5
,2686,29.6,23.7,2.4,1710.0,11
,2687,30.0,26.0,3.0,800.0,15
,2688,22.4,19.6,1.0,360.0,4
,2689,20.6,15.6,1.3,420.0,4
,2690,25.6,19.0,2.0,880.0,5
,2691,30.5,23.1,3.6,2280.0,12
,2692,24.8,17.4,1.4,340.0,4
,2693,26.4,19.6,2.0,940.0,5
,2694,29.2,24.6,2.4,1400.0,10
,2695,29.0,22.6,2.4,1460.0,11
,2696,26.0,19.5,1.9,890.0,5
,2697,29.4,23.0,3.3,1920.0,12
,2698,29.0,22.8,2.2,1310.0,10
,2699,28.8,20.2,2.7,1170.0,10
,2700,22.4,16.8,2.4,620.0,5
,2701,21.8,14.6,2.3,560.0,5
,2702,22.4,17.0,1.8,520.0,5
,2703,28.1,22.3,2.2,1110.0,10
,2704,29.8,23.2,4.6,2340.0,12
,2705,24.2,23.9,2.4,1370.0,10
,2706,28.6,22.2,1.4,1020.0,10
,2707,30.6,24.4,1.9,1360.0,10
,2708,27.9,22.7,2.4,1350.0,10
,2709,26.8,21.8,2.4,1070.0,10
,2710,18.8,13.0,1.2,200.0,3
,2711,17.0,10.0,10.0,720.0,9
,2712,18.4,6.9,3.4,209.0,5
,2713,9.5,7.6,7.0,386.0,8
,2714,32.3,21.2,4.7,240.0,6
,2716,7.1,6.9,6.6,204.0,8
,2717,22.8,7.0,3.9,309.0,5
,2718,28.7,9.1,9.0,1110.0,10
,2719,12.6,10.4,10.2,308.0,8
,2720,6.8,6.7,4.7,118.0,6
,2721,17.5,4.9,4.9,100.0,6
,2722,18.8,6.8,3.7,210.0,5
,2723,15.1,6.3,4.3,172.0,6
,2724,17.2,8.8,5.0,180.0,6
,2725,19.4,18.7,10.5,430.0,9
,2726,11.2,10.4,5.9,322.0,6
,2727,9.4,6.8,6.6,259.0,8
,2729,18.7,4.8,4.6,281.0,6
,2730,16.3,14.0,13.2,900.0,15
,2731,16.2,9.8,8.0,270.0,8
,2732,18.4,17.8,11.5,1030.0,10
,2736,22.4,5.3,5.2,400.0,6
,2737,21.1,7.1,4.1,420.0,6
,2738,16.1,9.4,9.4,700.0,9
,2739,17.9,6.3,3.0,216.0,5
,2740,10.5,10.5,3.4,222.0,5
,2741,21.0,6.0,6.0,450.0,6
,2742,31.7,28.6,12.8,2050.0,18
,2743,39.0,24.6,13.6,2260.0,18
,2744,9.4,8.4,1.5,59.0,2
,2745,13.7,3.9,3.8,41.0,5
,2746,9.7,8.4,1.4,82.0,3
,2747,12.0,11.7,1.3,107.0,3
,2748,9.7,8.4,2.0,82.0,3
,2749,26.8,21.8,8.9,1160.0,10
,2750,25.9,6.8,3.0,41.0,5
,2751,30.6,21.6,1.4,480.0,5
,2753,15.2,6.6,3.2,60.0,5
,2754,12.7,12.0,2.4,30.0,2
,2755,18.1,13.4,6.4,270.0,8
,2756,11.3,11.2,10.9,550.0,9
,2757,15.5,7.8,5.0,180.0,6
,2758,9.5,9.2,3.4,170.0,5
,2759,30.7,20.9,5.5,290.0,6
,2760,25.2,9.2,8.3,1039.0,10
,2761,19.5,12.6,3.0,540.0,5
,2762,21.3,18.5,4.8,1040.0,10
,2763,18.9,8.3,6.7,430.0,9
,2764,21.6,18.5,9.1,1460.0,11
,2765,17.3,9.9,9.4,998.0,10
,2766,8.5,2.6,0.1,20.0,1
,2767,11.8,10.3,2.3,40.0,2
,2768,12.8,7.6,2.0,20.0,2
,2769,8.4,6.3,2.0,20.0,2
,2770,14.4,8.0,7.9,480.0,9
,2771,27.4,8.6,8.3,300.0,8
,2772,13.6,4.7,4.1,150.0,6
,2773,24.4,7.4,7.0,460.0,9
,2774,19.6,4.5,4.3,299.0,6
,2775,29.2,26.4,7.5,2510.0,18
,2776,10.0,9.5,3.8,150.0,5
,2777,9.3,9.1,6.9,390.0,8
,2778,17.9,6.3,3.0,216.0,5
,2779,22.3,15.8,7.4,470.0,9
,2781,54.9,36.7,17.0,20150.0,35
,2782,13.5,13.1,7.6,222.0,8
,2784,10.4,9.0,9.0,549.0,9
,2785,27.3,20.9,8.0,790.0,9
,2786,24.0,7.6,7.5,540.0,9
,2787,12.7,10.3,10.2,231.0,8
,2788,15.5,13.3,6.7,140.0,7
,2789,32.8,15.7,13.4,710.0,15
,2790,31.3,9.5,9.3,1220.0,10
,2791,9.3,9.1,5.2,200.0,6
,2792,22.9,10.5,10.5,1150.0,10
,2793,10.0,3.0,2.0,20.0,2
,2794,21.2,8.9,5.8,554.0,6
,2795,13.5,5.0,3.5,80.0,5
,2796,12.7,10.7,9.9,272.0,8
,2797,21.3,7.6,4.5,300.0,6
,2798,12.8,4.7,4.4,88.0,6
,2799,19.5,5.0,4.9,280.0,6
,2800,20.0,17.3,11.7,968.0,10
,2801,17.0,11.2,9.8,581.0,9
,2802,9.4,9.4,4.3,181.0,6
,2803,12.4,7.9,5.7,290.0,6
,2804,13.7,5.1,3.0,68.0,5
,2805,27.6,9.1,8.1,1080.0,10
,2806,10.9,5.3,5.3,170.0,6
,2807,17.6,11.7,5.8,531.0,6
,2808,17.3,5.0,4.9,272.0,6
,2809,9.1,6.3,6.3,280.0,8
,2810,23.8,21.8,9.0,1700.0,11
,2811,21.1,16.4,4.6,540.0,6
,2812,20.4,4.4,4.3,272.0,6
,2813,21.0,7.7,6.4,249.0,8
,2814,18.4,4.8,4.6,260.0,6
,2815,9.0,9.0,5.6,300.0,6
,2816,21.0,6.5,6.5,560.0,9
,2817,27.2,8.0,7.8,1100.0,10
,2818,28.0,10.8,7.4,1580.0,11
,2819,9.5,7.7,7.6,270.0,8
,2820,16.3,8.3,8.0,273.0,8
,2822,20.8,7.6,3.9,300.0,5
,2823,18.6,6.9,3.9,209.0,5
,2824,6.8,6.6,6.2,210.0,8
,2825,20.0,4.4,4.1,281.0,6
,2826,17.0,7.0,3.0,220.0,5
,2827,14.6,7.6,2.5,109.0,3
,2828,9.7,9.5,6.9,399.0,8
,2829,22.9,9.0,5.8,300.0,6
,2830,10.8,3.6,3.6,140.0,5
,2831,16.6,5.6,4.7,260.0,6
,2832,25.6,20.3,8.0,1190.0,10
,2833,12.3,12.1,7.9,600.0,9
,2834,18.5,6.2,3.7,209.0,5
,2835,21.2,7.0,3.6,300.0,5
,2836,19.6,14.4,7.0,1140.0,10
,2837,15.8,7.2,3.4,280.0,5
,2838,29.7,19.7,4.6,1780.0,11
,2839,19.4,18.6,6.8,1100.0,10
,2840,30.8,20.7,5.7,550.0,6
,2841,22.0,18.0,5.0,740.0,6
,2842,18.0,8.0,3.0,180.0,5
,2843,22.5,11.5,5.6,360.0,6
,2844,17.9,8.8,3.7,240.0,5
,2845,16.7,7.6,3.6,150.0,5
,2846,22.6,18.0,1.4,380.0,4
,2847,24.7,21.5,1.2,520.0,5
,2848,24.2,20.0,1.6,10.0,2
,2849,24.9,19.3,5.1,1690.0,11
,2850,24.8,20.4,1.8,680.0,5
,2851,25.2,19.2,2.8,880.0,5
,2852,22.8,15.4,2.4,440.0,4
,2853,20.9,20.6,2.6,460.0,5
,2854,29.8,16.6,1.2,320.0,4
,2855,24.5,20.2,1.7,630.0,5
,2856,21.8,17.1,0.9,160.0,3
,2857,26.2,20.0,1.4,660.0,5
,2858,24.2,24.0,1.2,440.0,9
,2859,20.2,19.8,2.2,360.0,4
,2860,29.1,20.2,2.4,1520.0,11
,2861,20.2,14.6,2.2,480.0,5
,2862,18.3,12.9,1.8,220.0,4
,2863,30.7,23.4,2.7,1720.0,11
,2864,21.8,20.8,2.7,480.0,5
,2865,27.8,23.4,5.2,480.0,9
,2866,19.4,4.7,4.6,270.0,6
,2867,25.3,11.3,3.7,200.0,5
,2868,16.0,10.9,9.0,120.0,7
,2869,80.3,56.4,34.3,6713.0,32
,2870,41.8,27.5,26.3,2980.0,30
,2871,19.3,3.9,1.9,20.0,2
,2872,14.4,14.2,1.6,20.0,2
,2873,18.0,5.0,5.0,222.0,6
,2874,9.8,8.5,1.9,70.0,3
,2875,9.0,7.8,1.7,80.0,3
,2876,10.3,8.8,1.9,83.0,3
,2878,17.6,14.3,12.8,1000.0,16
,2879,19.9,13.1,11.9,980.0,10
,2880,19.3,10.4,9.2,990.0,10
,2881,15.7,11.5,11.5,998.0,10
,2882,11.7,9.8,9.0,480.0,9
,2883,12.4,11.3,10.9,520.0,9
,2884,9.6,9.1,7.4,18.0,7
,2885,14.2,8.0,7.9,480.0,9
,2886,14.2,8.0,8.0,481.0,9
,2887,14.5,8.0,7.9,450.0,9
,2888,20.8,10.2,9.8,540.0,9
,2889,14.4,8.0,8.0,500.0,9
,2890,14.3,8.2,8.1,540.0,9
,2891,16.5,13.8,8.6,500.0,9
,2892,14.5,8.1,8.0,490.0,9
,2893,14.6,8.2,8.0,460.0,9
,2894,19.2,8.0,5.8,560.0,6
,2895,9.7,8.2,1.6,82.0,3
,2896,9.0,7.4,1.9,68.0,3
,2897,19.0,7.0,1.4,40.0,2
,2898,11.0,7.0,0.6,20.0,1
,2899,17.6,5.0,5.0,320.0,6
,2900,18.0,11.0,2.2,40.0,2
,2901,17.6,3.9,3.9,120.0,5
,2902,12.7,11.2,2.9,40.0,5
,2903,21.0,8.0,1.0,20.0,2
,2904,16.5,5.0,0.2,18.0,1
,2905,16.0,5.0,1.5,10.0,2
,2906,18.4,4.1,2.4,31.0,2
,2907,12.7,3.8,2.3,20.0,2
,2908,10.0,3.6,0.2,100.0,3
,2909,26.6,16.7,3.6,90.0,5
,2910,16.2,11.8,3.6,240.0,5
,2911,18.1,5.6,5.6,280.0,6
,2912,7.6,6.6,3.8,300.0,5
,2913,18.5,9.6,1.7,40.0,2
,2914,37.7,33.3,5.4,330.0,14
,2915,21.2,13.0,2.4,160.0,3
,2916,17.4,15.1,6.3,270.0,8
,2917,20.6,12.2,4.3,480.0,6
,2918,34.9,24.6,8.3,2550.0,12
,2919,32.1,26.7,9.1,1623.0,17
,2920,26.0,24.0,16.0,1780.0,17
,2921,15.6,12.1,1.8,50.0,2
,2922,92.1,65.4,39.4,8701.0,32
,2923,16.2,12.8,6.2,600.0,9
,2924,16.2,6.8,6.6,340.0,8