eanInAsinId,asinId,ean,eanInAsinQuantity
1,1,9782012272323,1
2,2,9782081416659,1
3,3,9791029506727,1
4,4,9782070544981,1
5,5,9783791336749,1
6,6,9782014014204,1
7,7,9782070421220,1
8,8,9782070544998,1
9,9,9782290313220,1
10,10,9782080708144,1
11,11,9782368121245,1
12,12,9782212547740,1
13,13,9782013980364,1
14,14,9782749936734,1
15,15,9782070401680,1
16,16,9782290310137,1
17,17,9782368121269,1
18,18,9782290320365,1
19,19,9782014008685,1
20,20,9782501112291,1
21,21,9782266125352,1
22,22,9782081602830,1
23,23,9782501122795,1
24,24,9782253151036,1
25,25,9782014014365,1
26,26,9782501044998,1
27,27,9782754106955,1
28,28,9782013980319,1
29,29,9782368121092,1
30,30,9782358670012,1
31,31,9782253152187,1
32,32,9780847839766,1
33,33,9782012202856,1
34,34,9782012600195,1
35,35,9783652000062,1
36,36,unknown,1
37,37,9782501062770,1
38,38,9782258147119,1
39,39,9782851209153,1
40,40,9782707207036,1
41,41,9782810413195,1
42,42,9782749923918,1
43,43,9782719110058,1
44,44,9782851208613,1
45,45,9782711420964,1
46,46,9782810417995,1
47,47,9782701158815,1
48,48,9782917875537,1
49,49,9782081244351,1
50,50,9782368121207,1
51,51,9782810418800,1
52,52,9782501086813,1
53,53,9782812911996,1
54,54,9782324017827,1
55,55,9782707208507,1
56,56,9782913545151,1
57,57,9782501111638,1
58,58,9782850882371,1
59,59,9782810417353,1
60,60,9782707207456,1
61,61,9782719109854,1
62,62,9782012316782,1
63,63,9782846904827,1
64,64,3380231111384,1
65,65,9782749928180,1
66,66,9782810416561,1
67,67,9782749148601,1
68,68,9782366022254,1
69,69,9782359850642,1
70,70,9782812503542,1
71,71,3028760480600,1
72,72,9782811217990,1
73,73,9782749149264,1
74,74,3453270083759,1
75,75,9782749151045,1
76,76,9782749927800,1
77,77,3453270084213,1
78,78,9782747048484,1
79,79,9782749152769,1
80,80,5010994980467,1
81,81,9782081245624,1
82,82,3558380028376,1
83,83,9782749930237,1
84,84,9782362311352,1
85,85,3760045056031,1
86,86,9782749930152,1
87,87,5414834867602,1
88,88,3453131126854,1
89,89,9782749930497,1
90,90,9782366025347,1
91,91,9782810414048,1
92,92,9782081245143,1
93,93,9782749930916,1
94,94,5414834867787,1
95,95,3501179845111,1
96,96,9782501047142,1
97,97,9782221140925,1
98,98,9782035838360,1
99,99,9782884530996,1
100,100,9782732448442,1
101,101,9782350212593,1
102,102,9782080687531,1
103,103,9782605000821,1
104,104,9782754023184,1
105,105,9782738116956,1
106,106,9782709648707,1
107,107,9782732881799,1
108,108,9782721004475,1
109,109,9782810419180,1
110,110,9782258075764,1
111,111,9782035876539,1
112,112,9782501118132,1
113,113,9782213630816,1
114,114,9782749912530,1
115,115,9782501118019,1
116,116,9782844945891,1
117,117,9782501121941,1
118,118,9782368121467,1
119,119,9782352041399,1
120,120,9782258084742,1
121,121,9782370730763,1
122,122,9782810417179,1
123,123,9782360510764,1
124,124,9782359497304,1
125,125,9791028503543,1
126,126,9782754022538,1
127,127,9782350130354,1
128,128,9791090085077,1
129,129,9791028503789,1
130,130,9782746505766,1
131,131,9782812200311,1
132,132,9782813201232,1
133,133,9782258107250,1
134,134,9782812312205,1
135,135,9782226113870,1
136,136,9782081200845,1
137,137,9782263052026,1
138,138,9782848994901,1
139,139,9782711424030,1
140,140,9782845677906,1
141,141,9782215017134,1
142,142,9782366400410,1
143,143,9791028504175,1
144,144,9782258117518,1
145,145,9782390140177,1
146,146,9782203334014,1
147,147,9782259208871,1
148,148,9782753302303,1
149,149,9791028504700,1
150,150,9782501116732,1
151,151,9782732442525,1
152,152,9782501118101,1
153,153,3474636397525,1
154,154,9782367041735,1
155,155,9782910718060,1
156,156,9782226013941,1
157,157,9782756012728,1
158,158,9791032904534,1
159,159,9791028504533,1
160,160,9782810419333,1
161,161,9782812307270,1
162,162,3474636397532,1
163,163,9782848570570,1
164,164,9782749927787,1
165,165,unknown,1
166,166,9782501103428,1
167,167,9782810416028,1
168,168,9782819504030,1
169,169,9782749927893,1
170,170,9782221076262,1
171,171,9791028504823,1
172,172,9791028503307,1
173,173,9782501081351,1
174,174,9782020402729,1
175,175,9782702161555,1
176,176,9791028503390,1
177,177,9782701137872,1
178,178,9782203334137,1
179,179,9791028502775,1
180,180,9791030100709,1
181,181,9782754081863,1
182,182,9782707208316,1
183,183,9782501099837,1
184,184,9782754019866,1
185,185,9782350133027,1
186,186,9782812911866,1
187,187,9782754056373,1
188,188,9782368121023,1
189,189,5425026822071,1
190,190,9782324011337,1
191,191,9791030101393,1
192,192,9782366720648,1
193,193,9782412022979,1
194,194,9782809506631,1
195,195,9782812911064,1
196,196,9782810404131,1
197,197,9782324011306,1
198,198,9782361540234,1
199,199,9782361950705,1
200,200,9782324019128,1
201,201,9782361950545,1
202,202,9782732455952,1
203,203,9782749926971,1
204,204,9782020961882,1
205,205,9781783101191,1
206,206,9782226319531,1
207,207,9782324018046,1
208,208,9782749928876,1
209,209,5414834864113,1
210,210,9782709656948,1
211,211,9782246672418,1
212,212,9782207134009,1
213,213,9782021004625,1
214,214,9782709644839,1
215,215,9782226076281,1
216,216,9782365692069,1
217,217,9782702163658,1
218,218,9782246722915,1
219,219,9782366581645,1
220,220,9782368900307,1
221,221,9782012357853,1
222,222,9782262021153,1
223,223,9782226206022,1
224,224,9782742765010,1
225,225,9782259200653,1
226,226,9782081333178,1
227,227,9782226243034,1
228,228,9782843044571,1
229,229,9782246863618,1
230,230,9782211205337,1
231,231,9782234062641,1
232,232,9782234080959,1
233,233,9782207143834,1
234,234,9782330018405,1
235,235,9782709647021,1
236,236,9782862970202,1
237,237,9782221077948,1
238,238,9782702153949,1
239,239,9782072836527,1
240,240,9782221127179,1
241,241,9791090724518,1
242,242,9782321006510,1
243,243,9782800155357,1
244,244,9782749928630,1
245,245,9782749930886,1
246,246,9782749930923,1
247,247,9782075076289,1
248,248,9782800151472,1
249,249,9782749928951,1
250,250,9782875800879,1
251,251,9782810419883,1
252,252,9782800158426,1
253,253,9782324005473,1
254,254,9782810413218,1
255,255,9782822901352,1
256,256,9782841386253,1
257,257,9782810412990,1
258,258,9782813209023,1
259,259,9782081280618,1
260,260,9782075076296,1
261,261,9791028502522,1
262,262,9782800151489,1
263,263,9782800151496,1
264,264,9782800151465,1
265,265,9782218991967,1
266,266,9782841238576,1
267,267,9782749925509,1
268,268,9782371260900,1
269,269,9782749920733,1
270,270,9782800157597,1
271,271,9791028502959,1
272,272,9782821204102,1
273,273,9782800156897,1
274,274,3309450040916,1
275,275,3700173201378,1
276,276,8710908823688,1
277,277,3384442168090,1
278,278,3384442240147,1
279,279,8007905008065,1
280,280,3545020022030,1
281,281,3545020022061,1
282,282,3346030021200,1
283,283,3512391197247,1
284,284,3512391561147,1
285,285,3384442241762,1
286,286,3545020021569,1
287,287,0093155149502,1
288,288,3384442264235,1
289,289,6416739536712,1
290,290,3384442051866,1
291,291,3384442240222,1
292,292,3384442172790,1
293,293,3333973169717,1
294,294,3384442241397,1
295,295,3045050086250,1
296,296,3545020024928,1
297,297,unknown,1
298,298,unknown,1
299,299,3700126903410,1
300,300,3700724900774,1
301,301,3296580415311,1
302,302,3296580415397,1
303,303,3512392501753,1
304,304,3512392512988,1
305,305,9782821206809,1
306,306,8014514838808,1
307,307,3512391395230,1
308,308,8718696128398,1
309,309,0622222114428,1
310,310,3296580416028,1
311,311,3545020021316,1
312,312,3384442259200,1
313,313,3357802492500,1
314,314,3550460038893,1
315,315,3459372741573,1
316,316,3475001004505,1
317,317,5010994848484,1
318,318,unknown,1
319,319,9782749930909,1
320,320,3475001031624,1
321,321,3344428054496,1
322,322,3384442201377,1
323,323,3346030024317,1
324,324,3346030026342,1
325,325,3384442260114,1
326,326,3475001022035,1
327,327,3344428049614,1
328,328,3333973141478,1
329,329,3384442144643,1
330,330,3512391593407,1
331,331,3346030024362,1
332,332,3333973126789,1
333,333,3384442271318,1
334,334,3344428039141,1
335,335,3384442258418,1
336,336,3384442206006,1
337,337,3700301019998,1
338,338,9782753302655,1
339,339,3333297307642,1
340,340,9782753302372,1
341,341,9791028509743,1
342,342,9782755629354,1
343,343,3333290014899,1
344,344,3058325485719,1
345,345,3058325485795,1
346,346,3388334506014,1
347,347,unknown,1
348,348,3296580415366,1
349,349,3380743067537,1
350,350,3346030026847,1
351,351,3384442215916,1
352,352,3512391752019,1
353,353,4005900254498,1
354,354,3384442242295,1
355,355,3333290015124,1
356,356,9791092928358,1
357,357,3600541893436,1
358,358,3333290014905,1
359,359,3760002230580,1
360,360,3333973133107,1
361,361,9782810419685,1
362,362,3086123354555,1
363,363,3700619403670,1
364,364,9782372580342,1
365,365,9782754108461,1
366,366,3600523199679,1
367,367,3600541274464,1
368,368,3760062466967,1
369,369,9782809820553,1
370,370,9782754084420,1
371,371,9782749924755,1
372,372,9782501116756,1
373,373,5050582502862,1
374,374,9782749927541,1
375,375,9782819500018,1
376,376,9782841385935,1
377,377,3384442268882,1
378,378,3384442242592,1
379,379,9782851808844,1
380,380,9782501115254,1
381,381,9791028503420,1
382,382,9782749928234,1
383,383,9782263067969,1
384,384,3296580415304,1
385,385,9782810418817,1
386,386,9782812309083,1
387,387,9782810418398,1
388,388,9782501077316,1
389,389,9782810418008,1
390,390,9782732456652,1
391,391,9782501100403,1
392,392,9782013918770,1
393,393,9782368120927,1
394,394,9782501103220,1
395,395,9782501125192,1
396,396,9782749925608,1
397,397,9788493525705,1
398,398,9782749925981,1
399,399,9782368121528,1
400,400,9782368120439,1
401,401,9782271076663,1
402,402,9782809818109,1
403,403,9782810415373,1
404,404,3607483230473,1
405,405,3607483230589,1
406,406,9782810419067,1
407,407,9782011356499,1
408,408,9782812310621,1
409,409,4005900241986,1
410,410,9782812313417,1
411,411,9782324018091,1
412,412,9791030101171,1
413,413,9782011776136,1
414,414,9782011776013,1
415,415,unknown,1
416,416,9782754106566,1
417,417,9782754073431,1
418,418,9782812311291,1
419,419,3600541274457,1
420,420,9782812911989,1
421,421,4015000420563,1
422,422,3178041331999,1
423,423,3501178630145,1
424,424,4026700390407,1
425,425,3086123475403,1
426,426,6942138949667,1
427,427,3600550253559,1
428,428,3600550281118,1
429,429,3600550253597,1
430,430,3574660057706,1
431,431,3600550283297,1
432,432,3600550166828,1
433,433,3600550166620,1
434,434,3600550211504,1
435,435,9782813214652,1
436,436,9782915810974,1
437,437,9782732477510,1
438,438,9782813216281,1
439,439,9782745984739,1
440,440,9791024202174,1
441,441,9791032302262,1
442,442,9782021084931,1
443,443,9791023507904,1
444,444,9782858298471,1
445,445,9782813216366,1
446,446,9782271118301,1
447,447,9791024201139,1
448,448,9782813215697,1
449,449,9782732474038,1
450,450,9782702914359,1
451,451,9782843194108,1
452,452,9782810420452,1
453,453,9782271115089,1
454,454,9782810419357,1
455,455,9782361882303,1
456,456,9782361882013,1
457,457,9782732470528,1
458,458,9782732477053,1
459,459,9782810420421,1
460,460,9782707210456,1
461,461,9782810421800,1
462,462,9782361882457,1
463,463,9782813216755,1
464,464,9791024202167,1
465,465,9791024202426,1
466,466,9782810422753,1
467,467,9782707206947,1
468,468,9782858298419,1
469,469,9782810423255,1
470,470,9782732477725,1
471,471,9782843193804,1
472,472,9782361882396,1
473,473,9782858295678,1
474,474,9782822901611,1
475,475,9782732470818,1
476,476,9791024201610,1
477,477,9782354901837,1
478,478,9782853276214,1
479,479,9782021244236,1
480,480,9782021356533,1
481,481,9782745965479,1
482,482,9782271120830,1
483,483,9782732478685,1
484,484,9782843194054,1
485,485,9782843193880,1
486,486,9782324017834,1
487,487,9782603024843,1
488,488,9782853276023,1
489,489,9791024202150,1
490,490,9791024202792,1
491,491,9782858296446,1
492,492,9782858298129,1
493,493,9782707209092,1
494,494,9782813216267,1
495,495,9782603024331,1
496,496,9782914916769,1
497,497,9782732477107,1
498,498,9791030101386,1
499,499,9782813214300,1
500,500,9782758702177,1
501,501,9782732470139,1
502,502,9782702913055,1
503,503,9791030102116,1
504,504,9782745986702,1
505,505,9782271116123,1
506,506,9782813214584,1
507,507,9782271089977,1
508,508,9782210558137,1
509,509,9791030102345,1
510,510,9782324011146,1
511,511,9782745978226,1
512,512,9791024202327,1
513,513,9782271119735,1
514,514,9782321011569,1
515,515,9782707210487,1
516,516,9782810414321,1
517,517,9791024202013,1
518,518,9782732476049,1
519,519,9782709661447,1
520,520,9782324017780,1
521,521,9782813215789,1
522,522,9782843194061,1
523,523,9782822901550,1
524,524,9791024202594,1
525,525,9791024200873,1
526,526,9782849334546,1
527,527,9782732470221,1
528,528,9782364370852,1
529,529,9782361882167,1
530,530,9782021108828,1
531,531,9782707208996,1
532,532,9782813216472,1
533,533,9782745975645,1
534,534,9782210558021,1
535,535,9791024201573,1
536,536,9782810420469,1
537,537,9782749143507,1
538,538,9791024202235,1
539,539,9782844542618,1
540,540,9782324017698,1
541,541,9782810421435,1
542,542,9782745994431,1
543,543,9782732474984,1
544,544,9782361882051,1
545,545,9782361882136,1
546,546,9782845636521,1
547,547,9782732477114,1
548,548,9782745991966,1
549,549,9782858298464,1
550,550,9782745968937,1
551,551,9782858295470,1
552,552,9782745996183,1
553,553,9782843193927,1
554,554,9782361882259,1
555,555,9782843193156,1
556,556,9782745979773,1
557,557,9782810418534,1
558,558,9791024202686,1
559,559,9791027603879,1
560,560,9782850767517,1
561,561,9782745995599,1
562,562,9782813216748,1
563,563,9782745958358,1
564,564,9782747045896,1
565,565,9782747043762,1
566,566,9782813216274,1
567,567,9782210558038,1
568,568,9782271090805,1
569,569,9782354901752,1
570,570,9782813216441,1
571,571,9782853274715,1
572,572,9782858298662,1
573,573,9782732474335,1
574,574,9782210654228,1
575,575,9782732477244,1
576,576,9782354901646,1
577,577,9782603025277,1
578,578,9782221202951,1
579,579,9782354901684,1
580,580,9782354901806,1
581,581,9791024202433,1
582,582,9782858298181,1
583,583,9782745960009,1
584,584,9782227491663,1
585,585,9782210654181,1
586,586,9782810424498,1
587,587,9791028503376,1
588,588,9782745994332,1
589,589,9782732480299,1
590,590,9782732477275,1
591,591,9782858297559,1
592,592,9782858297856,1
593,593,9782745984029,1
594,594,9782810423507,1
595,595,9791024202495,1
596,596,9791024200835,1
597,597,9782858296026,1
598,598,9782858298013,1
599,599,9782732477046,1
600,600,9782210104600,1
601,601,9782353270750,1
602,602,9791024201368,1
603,603,9782813213884,1
604,604,9782732478050,1
605,605,9782226321824,1
606,606,9782021360455,1
607,607,9782745978301,1
608,608,9782732478272,1
609,609,9782844549914,1
610,610,9782813216427,1
611,611,9782412036112,1
612,612,9782745957214,1
613,613,9782702913444,1
614,614,9782707209481,1
615,615,9782603024928,1
616,616,9782258090385,1
617,617,9782221196342,1
618,618,9782259227926,1
619,619,9791024200231,1
620,620,9782603025505,1
621,621,9782813215666,1
622,622,9782732476056,1
623,623,9782745975447,1
624,624,9782844549099,1
625,625,9791024202136,1
626,626,9782810423521,1
627,627,9782021087543,1
628,628,9782745975300,1
629,629,9782853276177,1
630,630,9782858298822,1
631,631,9782745957221,1
632,632,9791024202082,1
633,633,9782858298808,1
634,634,9791024202259,1
635,635,9782745988270,1
636,636,9782745972590,1
637,637,9782853276399,1
638,638,9782849334270,1
639,639,9782849331828,1
640,640,9782361882228,1
641,641,9782745979629,1
642,642,9791024200453,1
643,643,9782738135117,1
644,644,9782745977779,1
645,645,9782853276122,1
646,646,9782858297399,1
647,647,9782732471297,1
648,648,9782745996053,1
649,649,9782853276238,1
650,650,9782747059329,1
651,651,9782258136359,1
652,652,9782858298259,1
653,653,9782745978233,1
654,654,9782810424504,1
655,655,9782707206435,1
656,656,9782813215802,1
657,657,9782354901721,1
658,658,9782853276108,1
659,659,9782365492218,1
660,660,9782858298075,1
661,661,9782354901530,1
662,662,9791024201429,1
663,663,9782853276436,1
664,664,9782702912614,1
665,665,9782844549044,1
666,666,9782021361988,1
667,667,9782020860901,1
668,668,9791024202488,1
669,669,9782271092861,1
670,670,9791024201924,1
671,671,9791024201399,1
672,672,9791024201948,1
673,673,9782745997500,1
674,674,9791024200255,1
675,675,9782707209160,1
676,676,9782732470535,1
677,677,9782849333952,1
678,678,9782810422272,1
679,679,9791024202556,1
680,680,9782745955166,1
681,681,9791024201085,1
682,682,9782843194030,1
683,683,9782745979650,1
684,684,9782745984197,1
685,685,9782843193736,1
686,686,9782745978042,1
687,687,9782858298686,1
688,688,9782858298310,1
689,689,9782021328363,1
690,690,9782843193873,1
691,691,9782709660884,1
692,692,9782745979049,1
693,693,9782732475301,1
694,694,9782021332865,1
695,695,9782745978554,1
696,696,9782745979032,1
697,697,9791027602384,1
698,698,9782745965165,1
699,699,9782813215260,1
700,700,9782271118073,1
701,701,9782843193798,1
702,702,9782745984302,1
703,703,9782745967695,1
704,704,9782747098670,1
705,705,9782366720631,1
706,706,9782745969620,1
707,707,9782813217530,1
708,708,9782745960245,1
709,709,9782210502079,1
710,710,9782858298327,1
711,711,9782707210807,1
712,712,9782354901653,1
713,713,9782732477749,1
714,714,9791032301913,1
715,715,9782365491525,1
716,716,9791024201504,1
717,717,9782843193958,1
718,718,9782271090249,1
719,719,9782702912478,1
720,720,9791032900031,1
721,721,9782810418824,1
722,722,9782853276382,1
723,723,9782858298198,1
724,724,9782810417131,1
725,725,9782853276368,1
726,726,9782603025437,1
727,727,9791024202747,1
728,728,9782810424016,1
729,729,9782732481630,1
730,730,9791024202563,1
731,731,9782822901024,1
732,732,9782702913260,1
733,733,9782745986504,1
734,734,9782321011576,1
735,735,9782702912577,1
736,736,9782702913031,1
737,737,9782849334034,1
738,738,9782021341935,1
739,739,9782603025338,1
740,740,9782849333945,1
741,741,9791024201986,1
742,742,9782702160268,1
743,743,9782702160633,1
744,744,9782732477138,1
745,745,9782850765339,1
746,746,9782702913253,1
747,747,9782813217431,1
748,748,9782810419623,1
749,749,9782354901592,1
750,750,9782361882341,1
751,751,9782844549419,1
752,752,9791024202280,1
753,753,9782603025215,1
754,754,9791024201580,1
755,755,9791024201887,1
756,756,9791024201337,1
757,757,9782324006418,1
758,758,9782810416745,1
759,759,9782702913154,1
760,760,9782603025604,1
761,761,9782227490062,1
762,762,9782603025826,1
763,763,9782603026045,1
764,764,9782745997494,1
765,765,9782021349016,1
766,766,9782822901796,1
767,767,9782758701378,1
768,768,9782745992185,1
769,769,9782745907332,1
770,770,9782745976505,1
771,771,9782745972040,1
772,772,9782359903614,1
773,773,9791024202419,1
774,774,9782810421091,1
775,775,9782810422562,1
776,776,9782732478999,1
777,777,9782271121028,1
778,778,9782092546291,1
779,779,9791024201351,1
780,780,9782843193941,1
781,781,9782232128363,1
782,782,9782841389124,1
783,783,9782853276160,1
784,784,9782853276078,1
785,785,9782745965998,1
786,786,9782844543646,1
787,787,9782850765247,1
788,788,9782745973412,1
789,789,9782021356212,1
790,790,9782365492607,1
791,791,9782845636576,1
792,792,9782271095053,1
793,793,9782745980656,1
794,794,9782408004576,1
795,795,9782408007706,1
796,796,9782732475820,1
797,797,9782210105478,1
798,798,9782745996039,1
799,799,9782747049542,1
800,800,9782822901727,1
801,801,9791032301012,1
802,802,9782813216328,1
803,803,9782848314488,1
804,804,9791032301029,1
805,805,9782365492355,1
806,806,9782366721058,1
807,807,9782707210258,1
808,808,9782843193934,1
809,809,9791023504811,1
810,810,9782843193569,1
811,811,9782813202468,1
812,812,9791024200866,1
813,813,9791024201719,1
814,814,9782408006259,1
815,815,9782603025222,1
816,816,9782603024850,1
817,817,9782021344516,1
818,818,9782850767586,1
819,819,9791024201825,1
820,820,9782853276375,1
821,821,9782221218099,1
822,822,9782603025987,1
823,823,9782810421152,1
824,824,9782810421855,1
825,825,9782732479460,1
826,826,9782747048613,1
827,827,9782747043915,1
828,828,9782361882297,1
829,829,9782745979698,1
830,830,9782843193835,1
831,831,9791024202211,1
832,832,9782843193996,1
833,833,9782366721430,1
834,834,9791024202464,1
835,835,9791030102215,1
836,836,9782408007744,1
837,837,9782021158991,1
838,838,9782745991041,1
839,839,9782745973375,1
840,840,9782745994998,1
841,841,9782747083799,1
842,842,9782745990921,1
843,843,9782271081414,1
844,844,9782365492201,1
845,845,9782853274951,1
846,846,9782853276542,1
847,847,9782707206374,1
848,848,9782226317346,1
849,849,9782858297863,1
850,850,9782853276528,1
851,851,9782707208613,1
852,852,9782841388578,1
853,853,9782813215024,1
854,854,9782813215253,1
855,855,unknown,1
856,856,8056379035343,1
857,857,9782719110058,1
858,858,8711808832244,1
859,859,0778988121733,1
860,860,3664944067399,1
861,861,3574661065335,1
862,862,3574661065366,1
863,863,3086123286047,1
864,864,3270220020097,1
865,865,3086123538474,1
866,866,3600541605374,1
867,867,3574660057706,1
868,868,9782810404551,1
869,869,9782810422524,1
870,870,9782810422340,1
871,871,9782810421688,1
872,872,9782810421350,1
873,873,9782810418336,1
874,874,9782809501391,1
875,875,9782810417216,1
876,876,9782810421718,1
877,877,9782846404259,1
878,878,9782810422364,1
879,879,9782822901628,1
880,880,9782810417162,1
881,881,9782810417278,1
882,882,9782810415212,1
883,883,9782810421831,1
884,884,9782810415526,1
885,885,9782810400546,1
886,886,9782810420445,1
887,887,9782810419616,1
888,888,9782732445168,1
889,889,9782263154621,1
890,890,9782263153945,1
891,891,9782263157707,1
892,892,9782263155628,1
893,893,9782263153518,1
894,894,9782263155871,1
895,895,9782263155673,1
896,896,9782747083560,1
897,897,9782747052344,1
898,898,9791036303494,1
899,899,9782227495753,1
900,900,9782747065214,1
901,901,9782747082914,1
902,902,9782747096492,1
903,903,9782747034739,1
904,904,9782747043007,1
905,905,9782747046220,1
906,906,9782747084291,1
907,907,9782848016740,1
908,908,9791027604210,1
909,909,9791027604227,1
910,910,9782362900402,1
911,911,9782362901102,1
912,912,9782849334782,1
913,913,9782849333204,1
914,914,9782849334669,1
915,915,9782849334676,1
916,916,9782849334348,1
917,917,9782702913345,1
918,918,9782702914519,1
919,919,9782702914571,1
920,920,9782702913505,1
921,921,9782702914670,1
922,922,9782702913291,1
923,923,9782702908440,1
924,924,9791027603800,1
925,925,9782021073867,1
926,926,9782227486171,1
927,927,9782324004889,1
928,928,9782822900171,1
929,929,9782858296958,1
930,930,9782408007430,1
931,931,9782822901499,1
932,932,9782810412693,1
933,933,9782354901424,1
934,934,9782020849623,1
935,935,9782754020749,1
936,936,9782810404568,1
937,937,9782732448978,1
938,938,9782851807939,1
939,939,9782324020940,1
940,940,9782021296532,1
941,941,9782210500273,1
942,942,9782848313573,1
943,943,9782732470863,1
944,944,9782858298150,1
945,945,9782732480190,1
946,946,9782758701293,1
947,947,9782324010453,1
948,948,9782813213891,1
949,949,9782707210845,1
950,950,9782707209030,1
951,951,9782271120755,1
952,952,9791024201788,1
953,953,9782810415144,1
954,954,9782810417100,1
955,955,9782258146914,1
956,956,9782858298693,1
957,957,9782258142855,1
958,958,9782858298891,1
959,959,9782813209719,1
960,960,9782812303005,1
961,961,9782813208590,1
962,962,9782813217509,1
963,963,9782702903704,1
964,964,9782822901970,1
965,965,9791024202372,1
966,966,9782813213365,1
967,967,9782745986689,1
968,968,9782707208514,1
969,969,9782745993083,1
970,970,9782810418831,1
971,971,9782810417117,1
972,972,9782810420520,1
973,973,9782858298204,1
974,974,9782813209900,1
975,975,9791032300664,1
976,976,9782745966261,1
977,977,9782813216786,1
978,978,9782813216779,1
979,979,9782354900953,1
980,980,9782758702139,1
981,981,9782732479446,1
982,982,9782858298860,1
983,983,9782810423774,1
984,984,9782354901455,1
985,985,9782702913062,1
986,986,9782324019630,1
987,987,9782813214348,1
988,988,9782408007331,1
989,989,9791023505955,1
990,990,9791032301906,1
991,991,9782263157073,1
992,992,9782324010477,1
993,993,9782210542365,1
994,994,9782813206930,1
995,995,9782843193576,1
996,996,9782732482453,1
997,997,9782707206923,1
998,998,9782354900304,1
999,999,9782707208064,1
1000,1000,9782810421411,1
1001,1001,9782843193750,1
1002,1002,9782758702030,1
1003,1003,9782707210449,1
1004,1004,9782810421824,1
1005,1005,9782745978745,1
1006,1006,9782603025000,1
1007,1007,9782745992352,1
1008,1008,9782354901004,1
1009,1009,9782810415311,1
1010,1010,9791023509717,1
1011,1011,9782813218001,1
1012,1012,9791032301234,1
1013,1013,9782365691338,1
1014,1014,9782707210197,1
1015,1015,9782732485027,1
1016,1016,9791024202549,1
1017,1017,9791032300718,1
1018,1018,9782324022128,1
1019,1019,9782813214355,1
1020,1020,9782354901745,1
1021,1021,9782810419722,1
1022,1022,9782754009799,1
1023,1023,9782843194016,1
1024,1024,9782848316482,1
1025,1025,9791023501810,1
1026,1026,9782324022401,1
1027,1027,9782754040976,1
1028,1028,9782707206572,1
1029,1029,9782915810554,1
1030,1030,9791032301364,1
1031,1031,9782732456997,1
1032,1032,9782366721034,1
1033,1033,9782707205070,1
1034,1034,9782366721164,1
1035,1035,9782809502121,1
1036,1036,9782324020162,1
1037,1037,9782324019883,1
1038,1038,9782813216564,1
1039,1039,9791024202105,1
1040,1040,9782813216830,1
1041,1041,9791023508635,1
1042,1042,9782810418084,1
1043,1043,9782021161830,1
1044,1044,9782810420391,1
1045,1045,9782843193903,1
1046,1046,9782354901578,1
1047,1047,9782324020100,1
1048,1048,9782020968973,1
1049,1049,9791032301227,1
1050,1050,9782754066617,1
1051,1051,9782883210028,1
1052,1052,9782324022302,1
1053,1053,9782324022098,1
1054,1054,9782366720983,1
1055,1055,9782732452708,1
1056,1056,9782021140941,1
1057,1057,9782324021954,1
1058,1058,9782810421671,1
1059,1059,9782412029190,1
1060,1060,9782845823914,1
1061,1061,9782412029961,1
1062,1062,9782258153141,1
1063,1063,9782732487366,1
1064,1064,9782321003823,1
1065,1065,9782408003951,1
1066,1066,9782366720327,1
1067,1067,9782324022975,1
1068,1068,9782366721171,1
1069,1069,9782362900952,1
1070,1070,9782324022111,1
1071,1071,9782258152403,1
1072,1072,9782258152601,1
1073,1073,9788862292733,1
1074,1074,9782745994691,1
1075,1075,9782889356072,1
1076,1076,9782020994804,1
1077,1077,9782324022371,1
1078,1078,9782815305709,1
1079,1079,9782747072236,1
1080,1080,9782810416790,1
1081,1081,9782754056618,1
1082,1082,9782702911891,1
1083,1083,9782889356843,1
1084,1084,9782754088879,1
1085,1085,9782754056595,1
1086,1086,9781503708037,1
1087,1087,9782754077330,1
1088,1088,9782324019517,1
1089,1089,9782810421732,1
1090,1090,9782412015100,1
1091,1091,9782754054430,1
1092,1092,9782844454195,1
1093,1093,9782848319568,1
1094,1094,9781503706163,1
1095,1095,9782848316499,1
1096,1096,9782324020858,1
1097,1097,9782848315225,1
1098,1098,9782412017111,1
1099,1099,9782848318585,1
1100,1100,9782754081955,1
1101,1101,9782754075923,1
1102,1102,9782849333303,1
1103,1103,9782754089357,1
1104,1104,9782324022234,1
1105,1105,9782754075848,1
1106,1106,9782813200204,1
1107,1107,9782412017074,1
1108,1108,9782324008559,1
1109,1109,9782412030233,1
1110,1110,9791032402276,1
1111,1111,9782810420476,1
1112,1112,9791032401521,1
1113,1113,9782849333242,1
1114,1114,9782412029978,1
1115,1115,9782848315188,1
1116,1116,9782709824118,1
1117,1117,9782259249430,1
1118,1118,9782745979841,1
1119,1119,9782848313658,1
1120,1120,9782412030905,1
1121,1121,9782324010651,1
1122,1122,9782412031315,1
1123,1123,9782412033173,1
1124,1124,9782364801561,1
1125,1125,9791030102154,1
1126,1126,9782412026274,1
1127,1127,9782754069946,1
1128,1128,9782366025521,1
1129,1129,9782352044376,1
1130,1130,4000388270503,1
1131,1131,3700224190101,1
1132,1132,3417761939055,1
1133,1133,3168432809756,1
1134,1134,unknown,1
1135,1135,3152210008103,1
1136,1136,3152210008110,1
1137,1137,3773554066514,1
1138,1138,8711808809260,1
1139,1139,8711808808553,1
1140,1140,8711808701021,1
1141,1141,3251241025629,1
1142,1142,3574661104874,1
1143,1143,3574661018010,1
1144,1144,3600550712100,1
1145,1145,3086123415577,1
1146,1146,9782810422128,1
1147,1147,9782359903812,1
1148,1148,9782263157097,1
1149,1149,9791032402177,1
1150,1150,9791032402191,1
1151,1151,9782324021428,1
1152,1152,9782324022319,1
1153,1153,9782412025499,1
1154,1154,9782324018794,1
1155,1155,9782755636697,1
1156,1156,9782755635584,1
1157,1157,9782755635546,1
1158,1158,9782755635522,1
1159,1159,9788862299503,1
1160,1160,9782745973078,1
1161,1161,9782840967958,1
1162,1162,9782810415472,1
1163,1163,9791030101065,1
1164,1164,9782755618198,1
1165,1165,9782755613766,1
1166,1166,9782755623284,1
1167,1167,9782755636956,1
1168,1168,9782755637427,1
1169,1169,9782755639353,1
1170,1170,9782755639223,1
1171,1171,9782755628159,1
1172,1172,9782745995001,1
1173,1173,9782408004200,1
1174,1174,9782745958778,1
1175,1175,9782408005856,1
1176,1176,9782408009267,1
1177,1177,9782745995872,1
1178,1178,9782745986566,1
1179,1179,9782408008956,1
1180,1180,9782364830363,1
1181,1181,9782810416400,1
1182,1182,9782813200433,1
1183,1183,9791030101836,1
1184,1184,9782412030400,1
1185,1185,9782412033340,1
1186,1186,9782412034002,1
1187,1187,9782754060622,1
1188,1188,9782702914939,1
1189,1189,9782702913369,1
1190,1190,9782702913086,1
1191,1191,9782702914861,1
1192,1192,9782702914687,1
1193,1193,9782702914373,1
1194,1194,9782702914304,1
1195,1195,9782813216489,1
1196,1196,9782813216335,1
1197,1197,9782813217998,1
1198,1198,9782813217462,1
1199,1199,9782813207722,1
1200,1200,9782813216885,1
1201,1201,9782813216342,1
1202,1202,9782813214713,1
1203,1203,9782844458575,1
1204,1204,9782813217608,1
1205,1205,9782813216960,1
1206,1206,9782813218100,1
1207,1207,9782844457295,1
1208,1208,9782813217110,1
1209,1209,9782813206251,1
1210,1210,9782813217868,1
1211,1211,9782813217523,1
1212,1212,9782813216298,1
1213,1213,9782813217455,1
1214,1214,9782844455284,1
1215,1215,9782813218148,1
1216,1216,9782813218155,1
1217,1217,9782813209955,1
1218,1218,9782813216731,1
1219,1219,9782813209283,1
1220,1220,9782813217554,1
1221,1221,9782813217615,1
1222,1222,9782813216953,1
1223,1223,9782813215796,1
1224,1224,9782412015995,1
1225,1225,9782754075602,1
1226,1226,9782412036327,1
1227,1227,9782754085427,1
1228,1228,9782412022610,1
1229,1229,9782754075619,1
1230,1230,9782754058186,1
1231,1231,9782754072939,1
1232,1232,9782754066310,1
1233,1233,9782754076746,1
1234,1234,9782754076739,1
1235,1235,9782754070775,1
1236,1236,9782754068239,1
1237,1237,9782412016213,1
1238,1238,9782412030257,1
1239,1239,9782732475837,1
1240,1240,9782732487465,1
1241,1241,9782732482347,1
1242,1242,9782732482545,1
1243,1243,9782732482842,1
1244,1244,9782732484761,1
1245,1245,9782732464107,1
1246,1246,9782732483955,1
1247,1247,9782732482118,1
1248,1248,9782732482941,1
1249,1249,9782732470474,1
1250,1250,9782732476407,1
1251,1251,9782732481562,1
1252,1252,9782732480732,1
1253,1253,9782732484129,1
1254,1254,9782732484723,1
1255,1255,9782732476834,1
1256,1256,9782732474854,1
1257,1257,9782732478289,1
1258,1258,9782732471457,1
1259,1259,9782732477022,1
1260,1260,9782732476711,1
1261,1261,9782732446332,1
1262,1262,9782732476926,1
1263,1263,9782732482033,1
1264,1264,9782732482668,1
1265,1265,9782732482491,1
1266,1266,9782732479972,1
1267,1267,9782732484778,1
1268,1268,9782732486543,1
1269,1269,9782732477336,1
1270,1270,9782732474434,1
1271,1271,9782732477237,1
1272,1272,9782732480329,1
1273,1273,9782732481128,1
1274,1274,9782732484259,1
1275,1275,9782732484341,1
1276,1276,9782732464114,1
1277,1277,9782732476445,1
1278,1278,9782732460994,1
1279,1279,9782732446998,1
1280,1280,9782021335439,1
1281,1281,9782021351255,1
1282,1282,9782021354447,1
1283,1283,9782021120905,1
1284,1284,9782324022593,1
1285,1285,9782745980809,1
1286,1286,9782745984432,1
1287,1287,9782745952868,1
1288,1288,9782745960566,1
1289,1289,9782745980489,1
1290,1290,9782324017797,1
1291,1291,9782754087834,1
1292,1292,9782412031124,1
1293,1293,9782324020179,1
1294,1294,9782324017766,1
1295,1295,9782324020384,1
1296,1296,9782324004315,1
1297,1297,9782324020322,1
1298,1298,9782324020803,1
1299,1299,9782324020353,1
1300,1300,9782317015175,1
1301,1301,9782317011702,1
1302,1302,9784054062948,1
1303,1303,9782809910612,1
1304,1304,9791030102161,1
1305,1305,9791030102178,1
1306,1306,9791030101409,1
1307,1307,9791030101843,1
1308,1308,9791030101041,1
1309,1309,9791030100747,1
1310,1310,9791030101492,1
1311,1311,9791030101928,1
1312,1312,9791030100754,1
1313,1313,9782915960457,1
1314,1314,9782915960013,1
1315,1315,9782324019135,1
1316,1316,9782747082846,1
1317,1317,9782745994677,1
1318,1318,9782745977922,1
1319,1319,9782745976239,1
1320,1320,9782732484020,1
1321,1321,9782732487359,1
1322,1322,9782732478562,1
1323,1323,9791023509670,1
1324,1324,9791023509243,1
1325,1325,9791023509533,1
1326,1326,9782227494794,1
1327,1327,9782354901585,1
1328,1328,9782745954831,1
1329,1329,9782841388455,1
1330,1330,9791032301357,1
1331,1331,9782732450230,1
1332,1332,9791030100723,1
1333,1333,9782354901035,1
1334,1334,9782823613995,1
1335,1335,9782813214263,1
1336,1336,9782813215161,1
1337,1337,9782889355839,1
1338,1338,9791030101362,1
1339,1339,9782841389568,1
1340,1340,9791023509083,1
1341,1341,9782324018121,1
1342,1342,9782848315423,1
1343,1343,9782848318226,1
1344,1344,9782848315355,1
1345,1345,9782732470009,1
1346,1346,9782732477572,1
1347,1347,9782707210012,1
1348,1348,9782707200594,1
1349,1349,9782889355679,1
1350,1350,9782732474205,1
1351,1351,9782848318028,1
1352,1352,9782707206541,1
1353,1353,9782707210340,1
1354,1354,9782745988218,1
1355,1355,9782271075529,1
1356,1356,9782271117984,1
1357,1357,9782271121486,1
1358,1358,9782271093998,1
1359,1359,9782271121240,1
1360,1360,9782271083340,1
1361,1361,9782271089700,1
1362,1362,9782271089045,1
1363,1363,9782271075031,1
1364,1364,9782271089984,1
1365,1365,9782271126047,1
1366,1366,9782271089847,1
1367,1367,9782271093455,1
1368,1368,9782271082558,1
1369,1369,9782271081476,1
1370,1370,9782271093479,1
1371,1371,9782271077820,1
1372,1372,9782271076755,1
1373,1373,9782271075000,1
1374,1374,9782271079626,1
1375,1375,9782271094063,1
1376,1376,9782271117427,1
1377,1377,9782271116529,1
1378,1378,9782271089120,1
1379,1379,9782271118981,1
1380,1380,9782271116192,1
1381,1381,9782271088000,1
1382,1382,9782271116376,1
1383,1383,9782810420810,1
1384,1384,9782271094193,1
1385,1385,9782271115942,1
1386,1386,9782271117502,1
1387,1387,9782271122735,1
1388,1388,9782271090270,1
1389,1389,9782271118493,1
1390,1390,9782271094018,1
1391,1391,9782271122353,1
1392,1392,9782271089991,1
1393,1393,9782271089144,1
1394,1394,9782271119100,1
1395,1395,9782271089458,1
1396,1396,9782271082114,1
1397,1397,9782271125439,1
1398,1398,9782361882419,1
1399,1399,9782361882587,1
1400,1400,9782361882020,1
1401,1401,9782361882464,1
1402,1402,9782361882785,1
1403,1403,9782361882662,1
1404,1404,9782754070515,1
1405,1405,9782361882815,1
1406,1406,9782361880446,1
1407,1407,9782361881801,1
1408,1408,9782361880712,1
1409,1409,9782361882860,1
1410,1410,9782361882921,1
1411,1411,9782361882006,1
1412,1412,9782361882938,1
1413,1413,9782361881832,1
1414,1414,9782361883010,1
1415,1415,9782361881931,1
1416,1416,9782361882440,1
1417,1417,9782361882624,1
1418,1418,9782361883003,1
1419,1419,9782361881900,1
1420,1420,9782361882365,1
1421,1421,9782361882792,1
1422,1422,9782361882778,1
1423,1423,9782361882525,1
1424,1424,9782361882372,1
1425,1425,9782361882211,1
1426,1426,9782361882273,1
1427,1427,9782361881436,1
1428,1428,9782361881887,1
1429,1429,9782361881573,1
1430,1430,9782911525858,1
1431,1431,9782361880583,1
1432,1432,9782361881191,1
1433,1433,9782361881238,1
1434,1434,9782361881078,1
1435,1435,9782361882945,1
1436,1436,9782361883065,1
1437,1437,9782361881580,1
1438,1438,9782361880750,1
1439,1439,9782412023075,1
1440,1440,9782271078742,1
1441,1441,9782271118639,1
1442,1442,9782271124968,1
1443,1443,9782271078919,1
1444,1444,9782271089830,1
1445,1445,9782271094582,1
1446,1446,9782271092533,1
1447,1447,9782271095312,1
1448,1448,9782271074942,1
1449,1449,9782271092540,1
1450,1450,9782271077493,1
1451,1451,9782271076182,1
1452,1452,9782271095206,1
1453,1453,9782271077318,1
1454,1454,9782271114587,1
1455,1455,9782271087522,1
1456,1456,9782271082183,1
1457,1457,9782271094278,1
1458,1458,9782271094032,1
1459,1459,9782271091918,1
1460,1460,9782271088079,1
1461,1461,9782271088178,1
1462,1462,9782271087959,1
1463,1463,9782271075024,1
1464,1464,9782271088307,1
1465,1465,9782271089496,1
1466,1466,9782271115133,1
1467,1467,9782271089021,1
1468,1468,9782271121097,1
1469,1469,9782271094261,1
1470,1470,9782271093370,1
1471,1471,9782271095251,1
1472,1472,9782271088161,1
1473,1473,9782271119728,1
1474,1474,9782271118325,1
1475,1475,9782821208568,1
1476,1476,9782821208797,1
1477,1477,9782821201729,1
1478,1478,9782821208438,1
1479,1479,9782821206823,1
1480,1480,9782412021750,1
1481,1481,9782821207684,1
1482,1482,9782754088343,1
1483,1483,9782754085205,1
1484,1484,9782747028783,1
1485,1485,9782754089067,1
1486,1486,9782754072519,1
1487,1487,9782412030240,1
1488,1488,9782412023587,1
1489,1489,9782754065559,1
1490,1490,9782412040102,1
1491,1491,9782754067249,1
1492,1492,9782878819953,1
1493,1493,9782821204973,1
1494,1494,9782412036143,1
1495,1495,9782754052610,1
1496,1496,9782412022344,1
1497,1497,9782702912454,1
1498,1498,9782754018746,1
1499,1499,9782821207943,1
1500,1500,9782754072526,1
1501,1501,9782813216403,1
1502,1502,9782849332177,1
1503,1503,9782754019828,1
1504,1504,9782849334300,1
1505,1505,9782849334454,1
1506,1506,9782849334416,1
1507,1507,9782754013994,1
1508,1508,9782226435378,1
1509,1509,9782081421820,1
1510,1510,9782246805472,1
1511,1511,9782246855873,1
1512,1512,9782268090481,1
1513,1513,9782351642498,1
1514,1514,9782747088657,1
1515,1515,9782702900550,1
1516,1516,9782702900598,1
1517,1517,9782702912812,1
1518,1518,9782702911228,1
1519,1519,9782702914410,1
1520,1520,9782702914380,1
1521,1521,9782702914991,1
1522,1522,9782702911860,1
1523,1523,9782747088909,1
1524,1524,9782747071338,1
1525,1525,9782747054157,1
1526,1526,9782226437457,1
1527,1527,9782812923210,1
1528,1528,9782226400369,1
1529,1529,9782816010244,1
1530,1530,9782747098137,1
1531,1531,9782812317224,1
1532,1532,9782081314375,1
1533,1533,9782848932606,1
1534,1534,9782702155349,1
1535,1535,9782702911020,1
1536,1536,9782702914809,1
1537,1537,9782702911761,1
1538,1538,9782702912591,1
1539,1539,9782702910962,1
1540,1540,9782702907832,1
1541,1541,9782702913048,1
1542,1542,9782747050814,1
1543,1543,9782226316974,1
1544,1544,9782703311942,1
1545,1545,9782702910771,1
1546,1546,9782226319227,1
1547,1547,9782747087117,1
1548,1548,9782081395435,1
1549,1549,9782747098021,1
1550,1550,9782747006606,1
1551,1551,9782747088558,1
1552,1552,9782747096423,1
1553,1553,9782226319104,1
1554,1554,9782226328755,1
1555,1555,9782747047128,1
1556,1556,9782702914786,1
1557,1557,9782702913307,1
1558,1558,9782702914700,1
1559,1559,9782702914465,1
1560,1560,9782702912409,1
1561,1561,9782702912393,1
1562,1562,9782747086066,1
1563,1563,9782747032308,1
1564,1564,9782702912157,1
1565,1565,9782747082259,1
1566,1566,9782702912362,1
1567,1567,9782702911778,1
1568,1568,9782747096652,1
1569,1569,9782747085656,1
1570,1570,9782747099189,1
1571,1571,9782702909898,1
1572,1572,9782702909904,1
1573,1573,9782747098076,1
1574,1574,9791036305535,1
1575,1575,9791036303241,1
1576,1576,9782702910689,1
1577,1577,9782702912911,1
1578,1578,9782702911211,1
1579,1579,9782702913390,1
1580,1580,9782702908983,1
1581,1581,9791036305061,1
1582,1582,9791036305054,1
1583,1583,9782747086424,1
1584,1584,9782747086370,1
1585,1585,9791036303388,1
1586,1586,9782702912850,1
1587,1587,9782702914915,1
1588,1588,9782702909690,1
1589,1589,9782702910733,1
1590,1590,9782747097222,1
1591,1591,9782747091374,1
1592,1592,9791036303937,1
1593,1593,9791036303913,1
1594,1594,9782702913093,1
1595,1595,9782702914366,1
1596,1596,9782702914953,1
1597,1597,9782745984098,1
1598,1598,9782747088541,1
1599,1599,9782747091299,1
1600,1600,9782747099646,1
1601,1601,9782408006945,1
1602,1602,9782745994844,1
1603,1603,9782747090841,1
1604,1604,9782747097895,1
1605,1605,9782747098144,1
1606,1606,9782747098588,1
1607,1607,9782747092180,1
1608,1608,9782227492196,1
1609,1609,9791036303616,1
1610,1610,9782813220332,1
1611,1611,9782813220349,1
1612,1612,9782747097901,1
1613,1613,9782747088794,1
1614,1614,9782747043908,1
1615,1615,9782702914694,1
1616,1616,9782702912829,1
1617,1617,9782702911716,1
1618,1618,9782702914281,1
1619,1619,9782702913499,1
1620,1620,9782702909492,1
1621,1621,9782702914663,1
1622,1622,9782702914496,1
1623,1623,9782702911402,1
1624,1624,9782702901328,1
1625,1625,9782702911853,1
1626,1626,9782747094948,1
1627,1627,9782813219732,1
1628,1628,9782702907283,1
1629,1629,9782702907504,1
1630,1630,9782702907979,1
1631,1631,9782702914588,1
1632,1632,9782702908037,1
1633,1633,9782702914526,1
1634,1634,9782702913178,1
1635,1635,9782702907924,1
1636,1636,9782747086769,1
1637,1637,9782702910870,1
1638,1638,9782702908792,1
1639,1639,9782865541034,1
1640,1640,9782702912102,1
1641,1641,9782851809506,1
1642,1642,9782851808738,1
1643,1643,9782757603079,1
1644,1644,9782851809605,1
1645,1645,9782757603475,1
1646,1646,9782757603635,1
1647,1647,9782757603611,1
1648,1648,9782757603628,1
1649,1649,9782757603598,1
1650,1650,9782851809964,1
1651,1651,9782851809094,1
1652,1652,9782732485461,1
1653,1653,9782757603741,1
1654,1654,9782757603055,1
1655,1655,9782757603451,1
1656,1656,9782757603734,1
1657,1657,9782757603673,1
1658,1658,9782757603536,1
1659,1659,9782757603406,1
1660,1660,9782757603208,1
1661,1661,9782851809735,1
1662,1662,9782757603239,1
1663,1663,9782851809414,1
1664,1664,9782702906415,1
1665,1665,9782844451675,1
1666,1666,9782702912423,1
1667,1667,9782813216939,1
1668,1668,9782809824117,1
1669,1669,9782355362330,1
1670,1670,9782702914908,1
1671,1671,9782226324795,1
1672,1672,9782226319302,1
1673,1673,9782246863786,1
1674,1674,9782081420809,1
1675,1675,9782851809520,1
1676,1676,9782081422032,1
1677,1677,9782702160527,1
1678,1678,9791022607216,1
1679,1679,9782813215826,1
1680,1680,9782215148548,1
1681,1681,9782813202499,1
1682,1682,9782813201577,1
1683,1683,9782813214669,1
1684,1684,9782813217448,1
1685,1685,9782851809575,1
1686,1686,9782812502958,1
1687,1687,9782851809551,1
1688,1688,9782215094289,1
1689,1689,9782215147619,1
1690,1690,9782851809674,1
1691,1691,9782851809612,1
1692,1692,9782851809568,1
1693,1693,9791032402184,1
1694,1694,9782813215130,1
1695,1695,9782081420823,1
1696,1696,9782813216410,1
1697,1697,9782246812616,1
1698,1698,9782746747708,1
1699,1699,9782716315654,1
1700,1700,9782702915042,1
1701,1701,9782412024775,1
1702,1702,9782813213198,1
1703,1703,9782813213204,1
1704,1704,9782813208088,1
1705,1705,9782412021682,1
1706,1706,9782813218131,1
1707,1707,9782813200969,1
1708,1708,9782844459138,1
1709,1709,9782813200693,1
1710,1710,9782813209412,1
1711,1711,9782813206398,1
1712,1712,9782324017803,1
1713,1713,9782324012686,1
1714,1714,9782844458858,1
1715,1715,9782813206800,1
1716,1716,9782352043270,1
1717,1717,9782754076968,1
1718,1718,9782813202505,1
1719,1719,9782821204607,1
1720,1720,9782911525803,1
1721,1721,9782361880286,1
1722,1722,9782361880590,1
1723,1723,9782361880637,1
1724,1724,9782361883133,1
1725,1725,9782361883256,1
1726,1726,9782361880262,1
1727,1727,9782849334683,1
1728,1728,9791024202662,1
1729,1729,9791024202655,1
1730,1730,9782849331026,1
1731,1731,9782851805904,1
1732,1732,9782851809926,1
1733,1733,9782851809889,1
1734,1734,9782851809650,1
1735,1735,9782851809384,1
1736,1736,9782851809803,1
1737,1737,9782851809513,1
1738,1738,9782851809544,1
1739,1739,9782851809124,1
1740,1740,9782851809377,1
1741,1741,9782851808394,1
1742,1742,9782851809346,1
1743,1743,9782851809582,1
1744,1744,9782851809667,1
1745,1745,9782851809445,1
1746,1746,9782851809483,1
1747,1747,9782851809766,1
1748,1748,9782851808837,1
1749,1749,9782851809360,1
1750,1750,9782851808691,1
1751,1751,9782747090759,1
1752,1752,9782747094962,1
1753,1753,9782747083478,1
1754,1754,9782747085694,1
1755,1755,9782747085687,1
1756,1756,9782747085663,1
1757,1757,9782747061759,1
1758,1758,9782747056915,1
1759,1759,9782747090742,1
1760,1760,9782747084017,1
1761,1761,9782849333938,1
1762,1762,9782849330999,1
1763,1763,9782849331835,1
1764,1764,9782850769313,1
1765,1765,9791024202853,1
1766,1766,9791024202693,1
1767,1767,9782851806314,1
1768,1768,9782908606713,1
1769,1769,9782361882655,1
1770,1770,9782754051019,1
1771,1771,9782813205551,1
1772,1772,9782813218476,1
1773,1773,9782813217561,1
1774,1774,9782813217424,1
1775,1775,9782813218124,1
1776,1776,9782813217493,1
1777,1777,9782813219756,1
1778,1778,9782813219015,1
1779,1779,9782813217592,1
1780,1780,9782813218179,1
1781,1781,9782813220158,1
1782,1782,9782813218018,1
1783,1783,9782813217479,1
1784,1784,9782813218162,1
1785,1785,9782359903331,1
1786,1786,9791032401538,1
1787,1787,9782851809308,1
1788,1788,9782851809940,1
1789,1789,9782757603154,1
1790,1790,9782851809223,1
1791,1791,9782757603062,1
1792,1792,9782851809780,1
1793,1793,9782851809155,1
1794,1794,9782851808851,1
1795,1795,9782851808943,1
1796,1796,9782851809711,1
1797,1797,9782747088640,1
1798,1798,9782747072915,1
1799,1799,9782747091046,1
1800,1800,9791036305399,1
1801,1801,9791036306013,1
1802,1802,9791036305382,1
1803,1803,9782271090225,1
1804,1804,9782271083227,1
1805,1805,9782271088048,1
1806,1806,9782271119667,1
1807,1807,9782271114198,1
1808,1808,9782271086068,1
1809,1809,9782271089090,1
1810,1810,9782271090010,1
1811,1811,9782271089489,1
1812,1812,9782849334478,1
1813,1813,9782849333921,1
1814,1814,9782849334799,1
1815,1815,9782849333549,1
1816,1816,9782849334843,1
1817,1817,9782849333747,1
1818,1818,9782702911525,1
1819,1819,9782702906620,1
1820,1820,9791024202440,1
1821,1821,9791024202938,1
1822,1822,9791024202839,1
1823,1823,9791024202389,1
1824,1824,9782844545275,1
1825,1825,9782844546005,1
1826,1826,9791024202716,1
1827,1827,9782844549785,1
1828,1828,9782844544513,1
1829,1829,9782844545411,1
1830,1830,9782844544834,1
1831,1831,9782844545459,1
1832,1832,9782844544605,1
1833,1833,9791024202891,1
1834,1834,9791024202242,1
1835,1835,9782850769221,1
1836,1836,9782850767135,1
1837,1837,9782844544384,1
1838,1838,9782844545886,1
1839,1839,9791024202341,1
1840,1840,9791024202648,1
1841,1841,9791024205007,1
1842,1842,9791024205038,1
1843,1843,9791024205144,1
1844,1844,9791024205021,1
1845,1845,9791024205175,1
1846,1846,9791024202815,1
1847,1847,9791024205014,1
1848,1848,9782220094274,1
1849,1849,9782821201774,1
1850,1850,9782821206830,1
1851,1851,9782849335062,1
1852,1852,9782849334966,1
1853,1853,9782812920981,1
1854,1854,9782812924194,1
1855,1855,9782866812065,1
1856,1856,9782866812089,1
1857,1857,9782866812218,1
1858,1858,9782866811976,1
1859,1859,9782866811990,1
1860,1860,9782866811884,1
1861,1861,9782866812874,1
1862,1862,9782866812140,1
1863,1863,9782908606997,1
1864,1864,9782908606768,1
1865,1865,9782908606782,1
1866,1866,9782908606843,1
1867,1867,9782908606775,1
1868,1868,9791090174474,1
1869,1869,9782908606690,1
1870,1870,9782908606409,1
1871,1871,9782908606959,1
1872,1872,9782908606911,1
1873,1873,9782908606928,1
1874,1874,9782908606744,1
1875,1875,9782908606607,1
1876,1876,9782908606836,1
1877,1877,9782412026281,1
1878,1878,9782081436022,1
1879,1879,9782215070931,1
1880,1880,9782745978271,1
1881,1881,9782813205544,1
1882,1882,9782813219350,1
1883,1883,9782813213655,1
1884,1884,9782813216526,1
1885,1885,9782813218964,1
1886,1886,9782813219879,1
1887,1887,9782813220196,1
1888,1888,9782813220189,1
1889,1889,9782813218988,1
1890,1890,9782844454447,1
1891,1891,9782813216892,1
1892,1892,9782813209702,1
1893,1893,9782813214676,1
1894,1894,9782813217578,1
1895,1895,9782813219770,1
1896,1896,9782813220240,1
1897,1897,0035585131214,1
1898,1898,0035585111124,1
1899,1899,3600541605374,1
1900,1900,3600550712100,1
1901,1901,6941057404011,1
1902,1902,6942138926033,1
1903,1903,9782851809971,1
1904,1904,9782377352647,1
1905,1905,9791033608813,1
1906,1906,9782702160770,1
1907,1907,9782368123232,1
1908,1908,9782271095039,1
1909,1909,9782271066206,1
1910,1910,9782271115003,1
1911,1911,9782263072598,1
1912,1912,9782849334850,1
1913,1913,9782849331668,1
1914,1914,9782702901502,1
1915,1915,9782702915226,1
1916,1916,9782702915349,1
1917,1917,9782702915035,1
1918,1918,9782702915219,1
1919,1919,9782702915493,1
1920,1920,9782702915295,1
1921,1921,9782702915554,1
1922,1922,9782702915257,1
1923,1923,9782702915363,1
1924,1924,9782702915240,1
1925,1925,9782702914960,1
1926,1926,9782814104747,1
1927,1927,9782814104624,1
1928,1928,9782814104556,1
1929,1929,9782814104112,1
1930,1930,9782814103887,1
1931,1931,9782814104013,1
1932,1932,9782814104860,1
1933,1933,9782814102859,1
1934,1934,9782814104730,1
1935,1935,9782814104839,1
1936,1936,9782814103764,1
1937,1937,9782814104754,1
1938,1938,9782814101852,1
1939,1939,9782814103894,1
1940,1940,9782814104181,1
1941,1941,9791024202228,1
1942,1942,9782821208940,1
1943,1943,9782821207141,1
1944,1944,9782366581461,1
1945,1945,9791021022720,1
1946,1946,9791021038790,1
1947,1947,9782376850052,1
1948,1948,9782376850038,1
1949,1949,9782908606935,1
1950,1950,9782213705620,1
1951,1951,9782810427512,1
1952,1952,9782813220875,1
1953,1953,9782813221254,1
1954,1954,9782813221070,1
1955,1955,9782813220264,1
1956,1956,9782813219022,1
1957,1957,9782813216533,1
1958,1958,9782813219763,1
1959,1959,9782813219169,1
1960,1960,9782813219077,1
1961,1961,9782813219794,1
1962,1962,9782813219138,1
1963,1963,9782813220257,1
1964,1964,9782813219855,1
1965,1965,9782813219695,1
1966,1966,9782813219183,1
1967,1967,9782813219008,1
1968,1968,9782813215185,1
1969,1969,9782813219923,1
1970,1970,9782813215765,1
1971,1971,9782813220325,1
1972,1972,9782813218407,1
1973,1973,9782813220165,1
1974,1974,9782813220905,1
1975,1975,9782813215291,1
1976,1976,9782813214546,1
1977,1977,9782813218322,1
1978,1978,9782813217622,1
1979,1979,9782755612752,1
1980,1980,9782755641554,1
1981,1981,9782755636512,1
1982,1982,9782755633085,1
1983,1983,9782755633436,1
1984,1984,9782755636949,1
1985,1985,9782755640670,1
1986,1986,9782755629194,1
1987,1987,9782755629156,1
1988,1988,9782755629132,1
1989,1989,9782755629095,1
1990,1990,9782755629187,1
1991,1991,9782755629170,1
1992,1992,9782755629163,1
1993,1993,9782755629149,1
1994,1994,9782755629224,1
1995,1995,9782755629217,1
1996,1996,9782755629200,1
1997,1997,9782755629668,1
1998,1998,9782755633382,1
1999,1999,9782755633313,1
2000,2000,9782755629675,1
2001,2001,9782755629767,1
2002,2002,9782755629705,1
2003,2003,9782755629774,1
2004,2004,9782755629682,1
2005,2005,9782755629965,1
2006,2006,9782755629972,1
2007,2007,9782755636963,1
2008,2008,9782755635959,1
2009,2009,9782755640274,1
2010,2010,9782755633269,1
2011,2011,9782755637021,1
2012,2012,9782755604207,1
2013,2013,9782755640076,1
2014,2014,9782755629750,1
2015,2015,9782755636406,1
2016,2016,9782755636062,1
2017,2017,9782755633610,1
2018,2018,9782755617658,1
2019,2019,9782755623932,1
2020,2020,9782755635508,1
2021,2021,9782755648454,1
2022,2022,9782709656238,1
2023,2023,9782843193989,1
2024,2024,9782843193859,1
2025,2025,9782843192326,1
2026,2026,9782843191190,1
2027,2027,9782843194290,1
2028,2028,9782843194122,1
2029,2029,9782843194085,1
2030,2030,9782843192302,1
2031,2031,9782843193101,1
2032,2032,9782843192821,1
2033,2033,9782843194153,1
2034,2034,9782843194306,1
2035,2035,9782843193200,1
2036,2036,9782843194313,1
2037,2037,9782843194252,1
2038,2038,9782843193965,1
2039,2039,9782843194214,1
2040,2040,9782843194139,1
2041,2041,9782843192982,1
2042,2042,9782843194207,1
2043,2043,9782843194245,1
2044,2044,9782843194269,1
2045,2045,9782843194047,1
2046,2046,9782843194238,1
2047,2047,9782843193187,1
2048,2048,9782311101799,1
2049,2049,9782809826883,1
2050,2050,9782809825657,1
2051,2051,9782809824858,1
2052,2052,9782809823547,1
2053,2053,9782809821123,1
2054,2054,9782749155906,1
2055,2055,9782749155838,1
2056,2056,9782749157658,1
2057,2057,9782749156590,1
2058,2058,9782749162515,1
2059,2059,9782749157436,1
2060,2060,9782749109701,1
2061,2061,9782749160986,1
2062,2062,9791028509576,1
2063,2063,9791028516130,1
2064,2064,9791028504274,1
2065,2065,9791028503925,1
2066,2066,9791028515751,1
2067,2067,9791028512125,1
2068,2068,9791028515720,1
2069,2069,9782866812102,1
2070,2070,9782365692014,1
2071,2071,9782262060916,1
2072,2072,9782317016677,1
2073,2073,9782317011092,1
2074,2074,9782317016424,1
2075,2075,9782848319537,1
2076,2076,9791032303559,1
2077,2077,9791032303825,1
2078,2078,9782732481944,1
2079,2079,9782732485508,1
2080,2080,9782732464879,1
2081,2081,9782732464763,1
2082,2082,9782732481937,1
2083,2083,9782732488134,1
2084,2084,9782732475912,1
2085,2085,9782732486666,1
2086,2086,9782707208460,1
2087,2087,9782853270618,1
2088,2088,9782853276559,1
2089,2089,9782853276405,1
2090,2090,9782853276610,1
2091,2091,9782853276689,1
2092,2092,9782853276801,1
2093,2093,9782853276511,1
2094,2094,9782853276573,1
2095,2095,9782749925233,1
2096,2096,9782749916538,1
2097,2097,9782749922256,1
2098,2098,9782749924045,1
2099,2099,9782749927251,1
2100,2100,9782749921556,1
2101,2101,9782749932163,1
2102,2102,9782749936994,1
2103,2103,9782749939988,1
2104,2104,9782749928326,1
2105,2105,9782749930848,1
2106,2106,9782749928579,1
2107,2107,9782749927244,1
2108,2108,9782749931876,1
2109,2109,9782749930985,1
2110,2110,9782749923390,1
2111,2111,9782749924373,1
2112,2112,9782749931951,1
2113,2113,9782749926544,1
2114,2114,9782749923871,1
2115,2115,9782749932187,1
2116,2116,9782749929453,1
2117,2117,9782749936888,1
2118,2118,9782749926926,1
2119,2119,9782749928999,1
2120,2120,9782749922362,1
2121,2121,9782749917832,1
2122,2122,9782749928623,1
2123,2123,9782749926025,1
2124,2124,9782749925110,1
2125,2125,9782749933443,1
2126,2126,9782749910116,1
2127,2127,9782749927367,1
2128,2128,9782749936376,1
2129,2129,9782749933849,1
2130,2130,9782749929088,1
2131,2131,9782749934334,1
2132,2132,9782749921891,1
2133,2133,9782749921884,1
2134,2134,9782749932569,1
2135,2135,9782749931982,1
2136,2136,9782749933269,1
2137,2137,9782749935355,1
2138,2138,9782749926360,1
2139,2139,9782749929378,1
2140,2140,9782749940014,1
2141,2141,9782749931913,1
2142,2142,9782749932583,1
2143,2143,9782749931852,1
2144,2144,9782749932606,1
2145,2145,9782749931333,1
2146,2146,9782749933375,1
2147,2147,9782749933450,1
2148,2148,9782749930183,1
2149,2149,9782749931197,1
2150,2150,9782749925615,1
2151,2151,9791022402484,1
2152,2152,9782745997524,1
2153,2153,9782408004316,1
2154,2154,9782408012236,1
2155,2155,9782408004309,1
2156,2156,9782408012243,1
2157,2157,9782745984876,1
2158,2158,9782408016456,1
2159,2159,9782745992055,1
2160,2160,9782408006594,1
2161,2161,9782745995537,1
2162,2162,9782408003777,1
2163,2163,9782745991980,1
2164,2164,9782745986627,1
2165,2165,9782408005894,1
2166,2166,9782408004736,1
2167,2167,9782745984043,1
2168,2168,9782745992024,1
2169,2169,9782745969576,1
2170,2170,9782408006082,1
2171,2171,9782745997692,1
2172,2172,9782745997708,1
2173,2173,9782745985200,1
2174,2174,9782745985064,1
2175,2175,9782745985071,1
2176,2176,9782745977113,1
2177,2177,9782745995827,1
2178,2178,9782408012649,1
2179,2179,9782745929082,1
2180,2180,9782745984869,1
2181,2181,9782745994370,1
2182,2182,9782745971944,1
2183,2183,9782745959775,1
2184,2184,9782745971791,1
2185,2185,9782745976765,1
2186,2186,9782745984593,1
2187,2187,9782745991119,1
2188,2188,9782745991010,1
2189,2189,9782745991003,1
2190,2190,9782745991027,1
2191,2191,9782745983947,1
2192,2192,9782408004262,1
2193,2193,9782745972033,1
2194,2194,9782745984920,1
2195,2195,9782408013721,1
2196,2196,9782408004248,1
2197,2197,9782408006600,1
2198,2198,9782408004385,1
2199,2199,9782745903280,1
2200,2200,9782745995056,1
2201,2201,9782745997586,1
2202,2202,9782408013738,1
2203,2203,9782745980632,1
2204,2204,9782745983954,1
2205,2205,9782408017224,1
2206,2206,9782408005870,1
2207,2207,9782745983961,1
2208,2208,9782745978332,1
2209,2209,9782745997562,1
2210,2210,9782745981295,1
2211,2211,9782408008062,1
2212,2212,9782354133900,1
2213,2213,9782889355532,1
2214,2214,9782889357284,1
2215,2215,9782889356041,1
2216,2216,9782889357192,1
2217,2217,9791032902103,1
2218,2218,9791032906750,1
2219,2219,9791032902790,1
2220,2220,9791032903247,1
2221,2221,9791032905586,1
2222,2222,9782738133823,1
2223,2223,9781503704213,1
2224,2224,9782809657005,1
2225,2225,9782259278911,1
2226,2226,9782366720761,1
2227,2227,9782366721539,1
2228,2228,9782809506266,1
2229,2229,9782258147379,1
2230,2230,9782258071698,1
2231,2231,9782258161634,1
2232,2232,9782258093720,1
2233,2233,9782845927179,1
2234,2234,9782130800217,1
2235,2235,9782810421398,1
2236,2236,9782810421664,1
2237,2237,9782810427475,1
2238,2238,9782810415182,1
2239,2239,9782810421695,1
2240,2240,9782810420964,1
2241,2241,9782813218971,1
2242,2242,9782702914946,1
2243,2243,9782702906309,1
2244,2244,9782747081375,1
2245,2245,9782908606669,1
2246,2246,0035585181226,1
2247,2247,3181860750391,1
2248,2248,9782361882532,1
2249,2249,9782213705217,1
2250,2250,9782081395534,1
2251,2251,9782813219107,1
2252,2252,9782813215659,1
2253,2253,9782813216762,1
2254,2254,9782813217639,1
2255,2255,9782755628036,1
2256,2256,9782378801038,1
2257,2257,9788862296960,1
2258,2258,9782317011207,1
2259,2259,9791032300879,1
2260,2260,9782732487342,1
2261,2261,9782732478869,1
2262,2262,9782749939278,1
2263,2263,9782749924458,1
2264,2264,9782749933429,1
2265,2265,9782745976246,1
2266,2266,9782745945426,1
2267,2267,9782354902032,1
2268,2268,9782354900809,1
2269,2269,9782221216439,1
2270,2270,9782221139028,1
2271,2271,9782221157879,1
2272,2272,9782268101040,1
2273,2273,9782815303316,1
2274,2274,9782263064197,1
2275,2275,9791027603794,1
2276,2276,9791027606191,1
2277,2277,9791027606184,1
2278,2278,9782841389841,1
2279,2279,9782841388813,1
2280,2280,9782858299171,1
2281,2281,9782858298907,1
2282,2282,9782858299188,1
2283,2283,3344428058197,1
2284,2284,9782800156880,1
2285,2285,3600550302240,1
2286,2286,0035585123189,1
2287,2287,0035585129082,1
2288,2288,0035585055503,1
2289,2289,0035585780702,1
2290,2290,0611932100111,1
2291,2291,0035585111315,1
2292,2292,0035585111216,1
2293,2293,0035585111117,1
2294,2294,0035585111018,1
2295,2295,0035585111414,1
2296,2296,0035585450162,1
2297,2297,0035585454573,1
2298,2298,0035585454252,1
2299,2299,0035585454269,1
2300,2300,0035585365008,1
2301,2301,9791032402245,1
2302,2302,9791032402375,1
2303,2303,9782226402080,1
2304,2304,9782226395160,1
2305,2305,9782757603581,1
2306,2306,9782851809810,1
2307,2307,9782851809407,1
2308,2308,9782851809391,1
2309,2309,9782851809865,1
2310,2310,9782851809162,1
2311,2311,9782747046169,1
2312,2312,9782747033626,1
2313,2313,9791036305221,1
2314,2314,9791036310423,1
2315,2315,9791036310133,1
2316,2316,9782714448194,1
2317,2317,9782702157350,1
2318,2318,9782368120385,1
2319,2319,9782271119049,1
2320,2320,9782271116413,1
2321,2321,9782271115539,1
2322,2322,9782271120502,1
2323,2323,9782271088208,1
2324,2324,9782271120489,1
2325,2325,9782271092625,1
2326,2326,9782271120496,1
2327,2327,9782271090836,1
2328,2328,9782804800819,1
2329,2329,9782849330975,1
2330,2330,9782849334553,1
2331,2331,9782702915011,1
2332,2332,9782702914434,1
2333,2333,9782702915028,1
2334,2334,9782814104242,1
2335,2335,9782814104396,1
2336,2336,9782844545855,1
2337,2337,9791024202723,1
2338,2338,9791024205120,1
2339,2339,9782908606584,1
2340,2340,9782412026267,1
2341,2341,9782412028414,1
2342,2342,9782412015513,1
2343,2343,9782081471023,1
2344,2344,9791094689172,1
2345,2345,9782324020063,1
2346,2346,9782813219534,1
2347,2347,9782702915080,1
2348,2348,9782364803176,1
2349,2349,9782755633412,1
2350,2350,9782809823127,1
2351,2351,9782809822021,1
2352,2352,9782866811716,1
2353,2353,9782317011528,1
2354,2354,9782317011269,1
2355,2355,9782317000294,1
2356,2356,9782501126762,1
2357,2357,9791032302385,1
2358,2358,9782732464954,1
2359,2359,9782732464930,1
2360,2360,9782732470856,1
2361,2361,9782749928616,1
2362,2362,9782749927435,1
2363,2363,9782749933023,1
2364,2364,9782749933870,1
2365,2365,9782749925936,1
2366,2366,9782749932996,1
2367,2367,9782749929286,1
2368,2368,9782749931005,1
2369,2369,9782749925905,1
2370,2370,9782749933153,1
2371,2371,9782749922294,1
2372,2372,9782749929583,1
2373,2373,9782749931500,1
2374,2374,9782749916583,1
2375,2375,9782749931326,1
2376,2376,9782745984340,1
2377,2377,9791032900505,1
2378,2378,9782737376177,1
2379,2379,9782809900033,1
2380,2380,9782809506891,1
2381,2381,9782750913274,1
2382,2382,9782810401345,1
2383,2383,9782756427881,1
2384,2384,9782374930275,1
2385,2385,9782374930039,1
2386,2386,9782374930268,1
2387,2387,9782354902063,1
2388,2388,9782354902049,1
2389,2389,9782354902131,1
2390,2390,9782354902094,1
2391,2391,9782354901875,1
2392,2392,9782354901912,1
2393,2393,9782221240915,1
2394,2394,9782268068817,1
2395,2395,9782378011048,1
2396,2396,9782021304169,1
2397,2397,9782021420968,1
2398,2398,9791023509687,1
2399,2399,9782263149184,1
2400,2400,9782263155222,1
2401,2401,9782263154614,1
2402,2402,9782234081048,1
2403,2403,9791030102291,1
2404,2404,9791030101515,1
2405,2405,9782365490047,1
2406,2406,9782916878942,1
2407,2407,9791027606108,1
2408,2408,9791027604258,1
2409,2409,9791027606443,1
2410,2410,9782841388356,1
2411,2411,9782841384334,1
2412,2412,9782841385669,1
2413,2413,9782841388042,1
2414,2414,9782858296828,1
2415,2415,9782858299195,1
2416,2416,9782858299164,1
2417,2417,9782858298648,1
2418,2418,9782858298877,1
2419,2419,9782858299416,1
2420,2420,9782845638129,1
2421,2421,9782845639171,1
2422,2422,0035585125008,1
2423,2423,9782374930534,1
2424,2424,9791032402252,1
2425,2425,9782858298914,1
2426,2426,9782745984890,1
2427,2427,9782271115027,1
2428,2428,9782813220400,1
2429,2429,9782702156414,1
2430,2430,9791028511838,1
2431,2431,9791032400593,1
2432,2432,9782732482019,1
2433,2433,9782745992611,1
2434,2434,9782324008276,1
2435,2435,9782714457714,1
2436,2436,9789462301399,1
2437,2437,9782908606980,1
2438,2438,9782747088688,1
2439,2439,9782324009198,1
2440,2440,9782227494763,1
2441,2441,9782747046176,1
2442,2442,9782374930022,1
2443,2443,3760012590117,1
2444,2444,9782749923482,1
2445,2445,9782324012990,1
2446,2446,9782747096645,1
2447,2447,9782749926865,1
2448,2448,9782354901950,1
2449,2449,9782754085489,1
2450,2450,9782359904260,1
2451,2451,9782354902070,1
2452,2452,9791032402290,1
2453,2453,9782271117908,1
2454,2454,9782813218469,1
2455,2455,9782020912655,1
2456,2456,0708443668107,1
2457,2457,0708443658108,1
2458,2458,0708443648109,1
2459,2459,0708443638100,1
2460,2460,0708443628101,1
2461,2461,0886284110204,1
2462,2462,0886284111201,1
2463,2463,0886284113205,1
2464,2464,0886284114202,1
2465,2465,0886284115209,1
2466,2466,0886284143202,1
2467,2467,3700380309072,1
2468,2468,0886284153201,1
2469,2469,0886284152204,1
2470,2470,3519220049012,1
2471,2471,0886284611206,1
2472,2472,0886284612203,1
2473,2473,0886284613200,1
2474,2474,0886284614207,1
2475,2475,0886284615204,1
2476,2476,0886284616201,1
2477,2477,0886284542609,1
2478,2478,0886284431408,1
2479,2479,0886284432405,1
2480,2480,0886284433402,1
2481,2481,0886284434409,1
2482,2482,9782359903836,1
2483,2483,9782747033343,1
2484,2484,3309450037817,1
2485,2485,9782810427758,1
2486,2486,9782364371002,1
2487,2487,9782821209800,1
2488,2488,9782841389858,1
2489,2489,9782754046893,1
2490,2490,9782412035047,1
2491,2491,3333297201971,1
2492,2492,9782810424535,1
2493,2493,9782810414215,1
2494,2494,9782810424672,1
2495,2495,9782745978981,1
2496,2496,9782324019074,1
2497,2497,9782324019432,1
2498,2498,9782813218193,1
2499,2499,9782810419661,1
2500,2500,9782317010927,1
2501,2501,9782501101127,1
2502,2502,9782707210005,1
2503,2503,9782707204448,1
2504,2504,9782749932170,1
2505,2505,9782749922850,1
2506,2506,9782810424184,1
2507,2507,9782810424542,1
2508,2508,9782810426706,1
2509,2509,9782810427024,1
2510,2510,9782810427031,1
2511,2511,9782810427123,1
2512,2512,9782810425877,1
2513,2513,9782810426447,1
2514,2514,9782810422630,1
2515,2515,9782810427642,1
2516,2516,9782810425488,1
2517,2517,9782810427086,1
2518,2518,9782810425471,1
2519,2519,9782810428106,1
2520,2520,9782810427079,1
2521,2521,9782810425082,1
2522,2522,9782810425495,1
2523,2523,9782810426461,1
2524,2524,9782810426737,1
2525,2525,9782810418503,1
2526,2526,9782810426492,1
2527,2527,9782810427048,1
2528,2528,9782810424825,1
2529,2529,9782810424566,1
2530,2530,9782810414161,1
2531,2531,9782810428076,1
2532,2532,9782810413171,1
2533,2533,9782810413164,1
2534,2534,9782810425525,1
2535,2535,9782810425129,1
2536,2536,9782810426768,1
2537,2537,9782810427734,1
2538,2538,9782810421206,1
2539,2539,9782815308472,1
2540,2540,9782021362848,1
2541,2541,9791030101157,1
2542,2542,9782841389711,1
2543,2543,9782841388103,1
2544,2544,9782841388394,1
2545,2545,9782841388660,1
2546,2546,9782858299621,1
2547,2547,9782858298112,1
2548,2548,9782858299065,1
2549,2549,9782858299287,1
2550,2550,9782858298556,1
2551,2551,9782858299270,1
2552,2552,3700380309089,1
2553,2553,0886284151207,1
2554,2554,0886284112208,1
2555,2555,9782732464923,1
2556,2556,9782732464916,1
2557,2557,9782732464909,1
2558,2558,9782745937179,1
2559,2559,9782408019235,1
2560,2560,9791032400180,1
2561,2561,9791032400050,1
2562,2562,9782324022463,1
2563,2563,9782364802162,1
2564,2564,9782745960672,1
2565,2565,9782757603147,1
2566,2566,9782918689898,1
2567,2567,9791036302961,1
2568,2568,9791023512854,1
2569,2569,9782324025044,1
2570,2570,9782702915318,1
2571,2571,9782702915431,1
2572,2572,9782754016278,1
2573,2573,9782412038710,1
2574,2574,9782412039304,1
2575,2575,9782412029220,1
2576,2576,9782324025136,1
2577,2577,9782813220820,1
2578,2578,9782813222008,1
2579,2579,9782813220714,1
2580,2580,9782813221513,1
2581,2581,9782701400471,1
2582,2582,9782021098662,1
2583,2583,9791023511192,1
2584,2584,9782263160677,1
2585,2585,9782365493512,1
2586,2586,9782365493635,1
2587,2587,9782365493062,1
2588,2588,9782365490023,1
2589,2589,9782365492348,1
2590,2590,9782747018371,1
2591,2591,9782747037013,1
2592,2592,9782263163074,1
2593,2593,9782702915530,1
2594,2594,9782603025468,1
2595,2595,9782412038857,1
2596,2596,9782813220844,1
2597,2597,9782813219749,1
2598,2598,9782701400488,1
2599,2599,9782732491547,1
2600,2600,9782263157622,1
2601,2601,9782263162572,1
2602,2602,9782365493895,1
2603,2603,9782365493499,1
2604,2604,9782365493598,1
2605,2605,9782365491792,1
2606,2606,9782365493413,1
2607,2607,9782365493437,1
2608,2608,9782226393807,1
2609,2609,9782851809841,1
2610,2610,9782849335475,1
2611,2611,9782849335468,1
2612,2612,9782849335659,1
2613,2613,9782849335505,1
2614,2614,9782849335208,1
2615,2615,9782844545121,1
2616,2616,9791024205281,1
2617,2617,9782844546975,1
2618,2618,9782354564001,1
2619,2619,9782354563790,1
2620,2620,9782354564360,1
2621,2621,9782354563585,1
2622,2622,9782354563554,1
2623,2623,9782354563677,1
2624,2624,9782354564186,1
2625,2625,9782361883249,1
2626,2626,9782361883058,1
2627,2627,9782361882600,1
2628,2628,9782324024108,1
2629,2629,9782843193477,1
2630,2630,9782843192227,1
2631,2631,9782843194344,1
2632,2632,9782843194320,1
2633,2633,9782843193521,1
2634,2634,9782843194351,1
2635,2635,9782843193217,1
2636,2636,9782702915301,1
2637,2637,9782262066536,1
2638,2638,9791032301920,1
2639,2639,9791032302118,1
2640,2640,9791032303887,1
2641,2641,9782707211460,1
2642,2642,9782853277044,1
2643,2643,9782853276900,1
2644,2644,9782853271103,1
2645,2645,9782354901547,1
2646,2646,9782354902339,1
2647,2647,9782354901332,1
2648,2648,9782354900885,1
2649,2649,9782354901820,1
2650,2650,9782354902216,1
2651,2651,9782354902292,1
2652,2652,9782354902209,1
2653,2653,9782842760328,1
2654,2654,9782365493710,1
2655,2655,9782844454577,1
2656,2656,9782813216854,1
2657,2657,9782813220806,1
2658,2658,8711808808553,1
2659,2659,9782361882990,1
2660,2660,9782810423262,1
2661,2661,9782843193637,1
2662,2662,9791032301371,1
2663,2663,9782707209504,1
2664,2664,9782853276795,1
2665,2665,9782745965806,1
2666,2666,9782841389223,1
2667,2667,9782841383986,1
2668,2668,9782379221330,1
2669,2669,9782379220104,1
2670,2670,9782379221422,1
2671,2671,9782858296262,1
2672,2672,9782858299874,1
2673,2673,9782841388554,1
2674,2674,9782747084123,1
2675,2675,9782324027185,1
2676,2676,9782354563523,1
2677,2677,9782361882976,1
2678,2678,9782412050347,1
2679,2679,9782412047279,1
2680,2680,9782412047613,1
2681,2681,9782412062999,1
2682,2682,9782412050842,1
2683,2683,9782412061602,1
2684,2684,9782412044940,1
2685,2685,9782412046128,1
2686,2686,9782324026201,1
2687,2687,9782324027079,1
2688,2688,9791032302712,1
2689,2689,9782732445038,1
2690,2690,9782732476360,1
2691,2691,9782732485300,1
2692,2692,9782732492520,1
2693,2693,9782732476773,1
2694,2694,9782732490960,1
2695,2695,9782732487762,1
2696,2696,9782732493800,1
2697,2697,9782732492568,1
2698,2698,9782732490618,1
2699,2699,9782732490526,1
2700,2700,9782732491707,1
2701,2701,9782732493770,1
2702,2702,9782732496818,1
2703,2703,9782732490366,1
2704,2704,9782021404227,1
2705,2705,9782021420579,1
2706,2706,9782021432923,1
2707,2707,9782263158834,1
2708,2708,9782263162442,1
2709,2709,9782263171123,1
2710,2710,9782365493475,1
2711,2711,3327520009076,1
2712,2712,5022496101349,1
2713,2713,0802535159129,1
2714,2714,0885285728227,1
2715,2715,0034285696153,1
2716,2716,0010181066207,1
2717,2717,0010181080005,1
2718,2718,0010181140082,1
2719,2719,0038276005917,1
2720,2720,0075285002766,1
2721,2721,3327520970345,1
2722,2722,5022496001298,1
2723,2723,5410091740399,1
2724,2724,5410091740405,1
2725,2725,6006174003971,1
2726,2726,6156000043708,1
2727,2727,0632169110186,1
2728,2728,0632169110988,1
2729,2729,0714924290606,1
2730,2730,0748378001594,1
2731,2731,0748378003130,1
2732,2732,0748378003178,1
2733,2733,0748378004175,1
2734,2734,0748378004694,1
2735,2735,0802535814097,1
2736,2736,0817513010002,1
2737,2737,0817513015328,1
2738,2738,0817513015427,2
2739,2739,0817513015441,1
2740,2740,8698655380565,1
2741,2741,8717931603225,1
2742,2742,3520410048340,1
2743,2743,3520410048708,1
2744,2744,0034264416529,1
2745,2745,0034264408807,1
2746,2746,0034264416512,1
2747,2747,0342644164442,1
2748,2748,0342644164138,1
2749,2749,0040102250002,1
2750,2750,4015110006428,1
2751,2751,0012868526820,1
2752,2752,5024003702209,1
2753,2753,5420031900707,1
2754,2754,8711231156153,1
2755,2755,3182550781022,5
2756,2756,3770007908391,1
2757,2757,5012583206682,1
2758,2758,8681701004331,1
2759,2759,0817513015700,1
2760,2760,3760078080454,1
2761,2761,3600550454147,2
2762,2762,3401343305796,2
2763,2763,3323037218635,3
2764,2764,0794437523309,3
2765,2765,0794437523309,2
2766,2766,4005900551733,2
2767,2767,4005900555717,2
2768,2768,4005900547521,2
2769,2769,4005900555632,2
2770,2770,5035832020440,4
2771,2771,0884486004260,1
2772,2772,0661157104104,1
2773,2773,8717931604963,1
2774,2774,0796708330555,1
2775,2775,8410436208611,4
2776,2776,8681701004324,1
2777,2777,0764302215844,1
2778,2778,0817513015441,1
2779,2779,8717931602396,1
2780,2780,8717931602266,1
2781,2781,5011157330600,1
2782,2782,0815680005111,1
2783,2783,7464804100572,1
2784,2784,7464804101364,1
2785,2785,0038276990220,1
2786,2786,0038276009021,1
2787,2787,0038276008932,1
2788,2788,4058900008004,2
2789,2789,4058900008004,10
2790,2790,8697926007255,6
2791,2791,8697926016240,1
2792,2792,5000108478119,2
2793,2793,3045621624713,1
2794,2794,3045621624690,1
2795,2795,3045621624553,1
2796,2796,0038276005634,1
2797,2797,0010181041532,1
2798,2798,0010181041587,1
2799,2799,0632169111077,1
2800,2800,0632169110223,1
2801,2801,0075285204825,1
2802,2802,3760096840122,1
2803,2803,0098864008447,1
2804,2804,3760096842348,1
2805,2805,3760096840337,1
2806,2806,0072790000164,1
2807,2807,0072790000164,1
2808,2808,0075724130081,1
2809,2809,0074867770369,1
2810,2810,3574660026917,3
2811,2811,3574660420951,1
2812,2812,0714924290415,1
2813,2813,0714924290309,1
2814,2814,0714924290965,1
2815,2815,3440570261017,1
2816,2816,3440578880210,1
2817,2817,3440570010042,1
2818,2818,6194049100013,10
2819,2819,0748378001105,1
2820,2820,0748378001136,1
2821,2821,0748378004205,1
2822,2822,5022496001274,1
2823,2823,5022496101349,1
2824,2824,0874211002685,1
2825,2825,0817513010064,1
2826,2826,0817513015441,1
2827,2827,0612831022092,1
2828,2828,0802535154124,1
2829,2829,3327520002336,1
2830,2830,3327520004231,1
2831,2831,3327520004002,1
2832,2832,0040102251405,1
2833,2833,0074867786803,1
2834,2834,0010181041532,1
2835,2835,3574661391342,1
2836,2836,3600523214464,4
2837,2837,3574661461625,1
2838,2838,3600550937435,4
2839,2839,8718951153509,4
2840,2840,3059940049225,2
2841,2841,3574661248165,3
2842,2842,3574661171296,1
2843,2843,3059943028036,3
2844,2844,3059948002154,1
2845,2844,3059948002147,1
2846,2845,3059948002413,2
2847,2846,9782317018121,1
2848,2847,9782745994349,1
2849,2848,9782745961822,1
2850,2849,9791030102321,1
2851,2850,9782745959096,1
2852,2851,9791030102499,1
2853,2852,9782745975393,1
2854,2853,9782745994516,1
2855,2854,9782745966247,1
2856,2855,9782408007638,1
2857,2856,9782849335437,1
2858,2857,9782745984371,1
2859,2858,9782745921574,1
2860,2859,9782408018672,1
2861,2860,9782732488578,1
2862,2861,9782412046135,1
2863,2862,9782823614077,1
2864,2863,9782324027383,1
2865,2864,9782745997463,1
2866,2865,9791032401477,1
2867,2866,0796708330913,1
2868,2867,0018214778141,1
2869,2868,3575070022087,1
2870,2869,0029695003004,1
2871,2870,0759023080734,1
2872,2871,9330725005969,1
2873,2872,5420031906143,1
2874,2873,0693804806000,1
2875,2874,3700380304541,1
2876,2875,0040102640711,1
2877,2876,0342644165432,1
2878,2877,0342644164824,1
2879,2878,0748378004342,1
2880,2879,0748378004342,1
2881,2880,0748378004229,1
2882,2881,0748378001013,1
2883,2882,0748378003154,1
2884,2883,0748378001112,1
2885,2884,0748378001105,1
2886,2885,5035832008134,4
2887,2886,5050175998928,4
2888,2887,5035832008127,4
2889,2888,5035832007977,4
2890,2889,5035832008233,4
2891,2890,5035832007670,4
2892,2891,5035832008189,4
2893,2892,5035832008011,4
2894,2893,5035832008080,4
2895,2894,3600550245868,2
2896,2895,0342644164824,1
2897,2896,0040102642401,1
2898,2897,3700380350234,1
2899,2898,3441710170183,1
2900,2899,3760064711102,1
2901,2900,3469980014174,1
2902,2901,3553330100614,1
2903,2902,4047059415320,1
2904,2903,3700380368734,1
2905,2904,3380350153128,1
2906,2905,3380350136008,1
2907,2906,9330725010048,1
2908,2907,9330725006102,1
2909,2908,9330725003712,1
2910,2909,9330725078536,1
2911,2910,4000498023228,1
2912,2911,3336025720324,1
2913,2912,3700380342406,1
2914,2913,0886284237901,1
2915,2914,5708214988538,1
2916,2915,4011905313276,1
2917,2916,0729849129450,1
2918,2917,5400274923053,1
2919,2918,5410340217009,1
2920,2919,3182550781023,30
2921,2920,3182550781023,30
2922,2921,3182550781023,1
2923,2922,0029695004001,1
2924,2923,3553330100485,2
2925,2924,3553330100485,1